Unity Editor version:    2021.3.5f1 (40eb3a945986)
Branch:                  2021.3/staging
Build type:              Release
Batch mode:              YES
macOS version:           Version 13.3 (Build 22E252)
Darwin version:          22.4.0
Architecture:            x86_64
Running under Rosetta:   NO
Available memory:        8192 MB
Using pre-set license
Pro License: YES

COMMAND LINE ARGUMENTS:
/Applications/Unity/Unity.app/Contents/MacOS/Unity
-adb2
-batchMode
-noUpm
-name
AssetImportWorker0
-projectPath
/Users/tymofiishchebetko/Unity Projects/My project (1)
-logFile
Logs/AssetImportWorker0.log
-srvPort
49477
Successfully changed project path to: /Users/tymofiishchebetko/Unity Projects/My project (1)
/Users/tymofiishchebetko/Unity Projects/My project (1)
[UnityMemory] Configuration Parameters - Can be set up in boot.config
    "memorysetup-bucket-allocator-granularity=16"
    "memorysetup-bucket-allocator-bucket-count=8"
    "memorysetup-bucket-allocator-block-size=33554432"
    "memorysetup-bucket-allocator-block-count=8"
    "memorysetup-main-allocator-block-size=16777216"
    "memorysetup-thread-allocator-block-size=16777216"
    "memorysetup-gfx-main-allocator-block-size=16777216"
    "memorysetup-gfx-thread-allocator-block-size=16777216"
    "memorysetup-cache-allocator-block-size=4194304"
    "memorysetup-typetree-allocator-block-size=2097152"
    "memorysetup-profiler-bucket-allocator-granularity=16"
    "memorysetup-profiler-bucket-allocator-bucket-count=8"
    "memorysetup-profiler-bucket-allocator-block-size=33554432"
    "memorysetup-profiler-bucket-allocator-block-count=8"
    "memorysetup-profiler-allocator-block-size=16777216"
    "memorysetup-profiler-editor-allocator-block-size=1048576"
    "memorysetup-temp-allocator-size-main=16777216"
    "memorysetup-job-temp-allocator-block-size=2097152"
    "memorysetup-job-temp-allocator-block-size-background=1048576"
    "memorysetup-job-temp-allocator-reduction-small-platforms=262144"
    "memorysetup-temp-allocator-size-background-worker=32768"
    "memorysetup-temp-allocator-size-job-worker=262144"
    "memorysetup-temp-allocator-size-preload-manager=33554432"
    "memorysetup-temp-allocator-size-nav-mesh-worker=65536"
    "memorysetup-temp-allocator-size-audio-worker=65536"
    "memorysetup-temp-allocator-size-cloud-worker=32768"
    "memorysetup-temp-allocator-size-gi-baking-worker=262144"
    "memorysetup-temp-allocator-size-gfx=262144"
Refreshing native plugins compatible for Editor in 113.88 ms, found 2 plugins.
Preloading 0 native plugins for Editor in 0.00 ms.
Initialize engine version: 2021.3.5f1 (40eb3a945986)
[Subsystems] Discovering subsystems at path /Applications/Unity/Unity.app/Contents/Resources/UnitySubsystems
[Subsystems] Discovering subsystems at path /Users/tymofiishchebetko/Unity Projects/My project (1)/Assets
GfxDevice: creating device client; threaded=0; jobified=0
Color LCD preferred device: Intel(R) Iris(TM) Plus Graphics 645 (low power)
Metal devices available: 1
0: Intel(R) Iris(TM) Plus Graphics 645 (low power)
Using device Intel(R) Iris(TM) Plus Graphics 645 (low power)
Initializing Metal device caps: Intel(R) Iris(TM) Plus Graphics 645
Initialize mono
Mono path[0] = '/Applications/Unity/Unity.app/Contents/Managed'
Mono path[1] = '/Applications/Unity/Unity.app/Contents/MonoBleedingEdge/lib/mono/unityjit-macos'
Mono config path = '/Applications/Unity/Unity.app/Contents/MonoBleedingEdge/etc'
Using monoOptions --debugger-agent=transport=dt_socket,embedding=1,server=y,suspend=n,address=127.0.0.1:56287
Begin MonoManager ReloadAssembly
Registering precompiled unity dll's ...
Register platform support module: /Applications/Unity/PlaybackEngines/WebGLSupport/UnityEditor.WebGL.Extensions.dll
Register platform support module: /Applications/Unity/Unity.app/Contents/PlaybackEngines/MacStandaloneSupport/UnityEditor.OSXStandalone.Extensions.dll
Register platform support module: /Applications/Unity/PlaybackEngines/AndroidPlayer/UnityEditor.Android.Extensions.dll
Register platform support module: /Applications/Unity/PlaybackEngines/iOSSupport/UnityEditor.iOS.Extensions.dll
Registered in 0.004652 seconds.
[usbmuxd] Start listen thread
[usbmuxd] Listen thread started
[usbmuxd] Send listen message
Native extension for iOS target not found
2025-04-01 13:07:20.896 Unity[2287:26241] [XcodeApplications] Failed to read NSDictionary from path /Applications/Xcode.app/Contents/Info.plist
Native extension for Android target not found
Native extension for OSXStandalone target not found
Native extension for WebGL target not found
Refreshing native plugins compatible for Editor in 99.09 ms, found 2 plugins.
Preloading 0 native plugins for Editor in 0.00 ms.
Mono: successfully reloaded assembly
- Completed reload, in  1.071 seconds
Domain Reload Profiling:
	ReloadAssembly (1071ms)
		BeginReloadAssembly (134ms)
			ExecutionOrderSort (0ms)
			DisableScriptedObjects (0ms)
			BackupInstance (0ms)
			ReleaseScriptingObjects (0ms)
			CreateAndSetChildDomain (1ms)
		EndReloadAssembly (799ms)
			LoadAssemblies (138ms)
			RebuildTransferFunctionScriptingTraits (0ms)
			SetupTypeCache (160ms)
			ReleaseScriptCaches (0ms)
			RebuildScriptCaches (39ms)
			SetupLoadedEditorAssemblies (538ms)
				LogAssemblyErrors (0ms)
				InitializePlatformSupportModulesInManaged (168ms)
				SetLoadedEditorAssemblies (0ms)
				RefreshPlugins (99ms)
				BeforeProcessingInitializeOnLoad (1ms)
				ProcessInitializeOnLoadAttributes (209ms)
				ProcessInitializeOnLoadMethodAttributes (61ms)
				AfterProcessingInitializeOnLoad (0ms)
				EditorAssembliesLoaded (0ms)
			ExecutionOrderSort2 (0ms)
			AwakeInstancesAfterBackupRestoration (0ms)
Platform modules already initialized, skipping
Registering precompiled user dll's ...
Registered in 0.003124 seconds.
Begin MonoManager ReloadAssembly
Symbol file LoadedFromMemory doesn't match image /Users/tymofiishchebetko/Unity Projects/My project (1)/Library/PackageCache/com.unity.visualscripting@1.7.8/Editor/VisualScripting.Core/Dependencies/YamlDotNet/Unity.VisualScripting.YamlDotNet.dll
Symbol file LoadedFromMemory doesn't match image /Users/tymofiishchebetko/Unity Projects/My project (1)/Library/PackageCache/com.unity.visualscripting@1.7.8/Editor/VisualScripting.Core/Dependencies/DotNetZip/Unity.VisualScripting.IonicZip.dll
Native extension for iOS target not found
2025-04-01 13:07:24.917 Unity[2287:26241] [XcodeApplications] Failed to read NSDictionary from path /Applications/Xcode.app/Contents/Info.plist
Native extension for Android target not found
Native extension for OSXStandalone target not found
Native extension for WebGL target not found
Refreshing native plugins compatible for Editor in 1.54 ms, found 2 plugins.
Preloading 0 native plugins for Editor in 0.00 ms.
Mono: successfully reloaded assembly
- Completed reload, in  1.581 seconds
Domain Reload Profiling:
	ReloadAssembly (1582ms)
		BeginReloadAssembly (180ms)
			ExecutionOrderSort (0ms)
			DisableScriptedObjects (12ms)
			BackupInstance (0ms)
			ReleaseScriptingObjects (0ms)
			CreateAndSetChildDomain (57ms)
		EndReloadAssembly (1240ms)
			LoadAssemblies (193ms)
			RebuildTransferFunctionScriptingTraits (0ms)
			SetupTypeCache (395ms)
			ReleaseScriptCaches (2ms)
			RebuildScriptCaches (79ms)
			SetupLoadedEditorAssemblies (520ms)
				LogAssemblyErrors (0ms)
				InitializePlatformSupportModulesInManaged (32ms)
				SetLoadedEditorAssemblies (1ms)
				RefreshPlugins (2ms)
				BeforeProcessingInitializeOnLoad (96ms)
				ProcessInitializeOnLoadAttributes (346ms)
				ProcessInitializeOnLoadMethodAttributes (41ms)
				AfterProcessingInitializeOnLoad (1ms)
				EditorAssembliesLoaded (0ms)
			ExecutionOrderSort2 (0ms)
			AwakeInstancesAfterBackupRestoration (4ms)
Platform modules already initialized, skipping
========================================================================
Worker process is ready to serve import requests
Launching external process: /Applications/Unity/Unity.app/Contents/Tools/UnityShaderCompiler
Launched and connected shader compiler UnityShaderCompiler after 0.09 seconds
Refreshing native plugins compatible for Editor in 0.67 ms, found 2 plugins.
Preloading 0 native plugins for Editor in 0.00 ms.
Unloading 3540 Unused Serialized files (Serialized files now loaded: 0)
Unloading 25 unused Assets / (39.6 KB). Loaded Objects now: 4000.
Memory consumption went from 96.0 MB to 96.0 MB.
Total: 3.775675 ms (FindLiveObjects: 0.313214 ms CreateObjectMapping: 0.221811 ms MarkObjects: 3.124071 ms  DeleteObjects: 0.115430 ms)

AssetImportParameters requested are different than current active one (requested -> active):
  custom:video-decoder-ogg-theora: a1e56fd34408186e4bbccfd4996cb3dc -> 
  custom:container-muxer-webm: aa71ff27fc2769a1b78a27578f13a17b -> 
  custom:container-demuxer-webm: 4f35f7cbe854078d1ac9338744f61a02 -> 
  custom:video-encoder-webm-vp8: eb34c28f22e8b96e1ab97ce403110664 -> 
  custom:framework-osx-AVFoundation: e770b220cccbd017edd2c1fefb359320 -> 
  custom:audio-encoder-webm-vorbis: bf7c407c2cedff20999df2af8eb42d56 -> 
  custom:container-demuxer-ogg: 62fdf1f143b41e24485cea50d1cbac27 -> 
  custom:video-decoder-webm-vp8: 9c59270c3fd7afecdb556c50c9e8de78 -> 
  custom:audio-decoder-ogg-vorbis: bf7c407c2cedff20999df2af8eb42d56 -> 
========================================================================
Received Import Request.
  Time since last request: 514.176297 seconds.
  path: Assets/Scenes/Main.unity
  artifactKey: Guid(41fb773544f5d4af09f8de717b7b6988) Importer(815301076,1909f56bfc062723c751e8b465ee728b)
Start importing Assets/Scenes/Main.unity using Guid(41fb773544f5d4af09f8de717b7b6988) Importer(815301076,1909f56bfc062723c751e8b465ee728b)  -> (artifact id: 'fc3cd6525db79fd9ea662cbda245d46f') in 0.007188 seconds 
========================================================================
Received Import Request.
  Time since last request: 30.040291 seconds.
  path: Assets/Scenes/SampleScene.unity
  artifactKey: Guid(9fc0d4010bbf28b4594072e72b8655ab) Importer(815301076,1909f56bfc062723c751e8b465ee728b)
Start importing Assets/Scenes/SampleScene.unity using Guid(9fc0d4010bbf28b4594072e72b8655ab) Importer(815301076,1909f56bfc062723c751e8b465ee728b)  -> (artifact id: 'e55ccaa32d8e5c1de03c07a5412c8c3c') in 0.002691 seconds 
========================================================================
Received Prepare
Registering precompiled user dll's ...
Registered in 0.002890 seconds.
Begin MonoManager ReloadAssembly
Symbol file LoadedFromMemory doesn't match image /Users/tymofiishchebetko/Unity Projects/My project (1)/Library/PackageCache/com.unity.visualscripting@1.7.8/Editor/VisualScripting.Core/Dependencies/YamlDotNet/Unity.VisualScripting.YamlDotNet.dll
Symbol file LoadedFromMemory doesn't match image /Users/tymofiishchebetko/Unity Projects/My project (1)/Library/PackageCache/com.unity.visualscripting@1.7.8/Editor/VisualScripting.Core/Dependencies/DotNetZip/Unity.VisualScripting.IonicZip.dll
Native extension for iOS target not found
2025-04-01 13:08:08.600 Unity[2287:26241] [XcodeApplications] Failed to read NSDictionary from path /Applications/Xcode.app/Contents/Info.plist
Native extension for Android target not found
Native extension for OSXStandalone target not found
Native extension for WebGL target not found
Refreshing native plugins compatible for Editor in 0.70 ms, found 2 plugins.
Preloading 0 native plugins for Editor in 0.00 ms.
Mono: successfully reloaded assembly
- Completed reload, in  1.322 seconds
Domain Reload Profiling:
	ReloadAssembly (1323ms)
		BeginReloadAssembly (157ms)
			ExecutionOrderSort (0ms)
			DisableScriptedObjects (7ms)
			BackupInstance (0ms)
			ReleaseScriptingObjects (0ms)
			CreateAndSetChildDomain (62ms)
		EndReloadAssembly (1043ms)
			LoadAssemblies (79ms)
			RebuildTransferFunctionScriptingTraits (1ms)
			SetupTypeCache (382ms)
			ReleaseScriptCaches (1ms)
			RebuildScriptCaches (63ms)
			SetupLoadedEditorAssemblies (447ms)
				LogAssemblyErrors (0ms)
				InitializePlatformSupportModulesInManaged (42ms)
				SetLoadedEditorAssemblies (1ms)
				RefreshPlugins (1ms)
				BeforeProcessingInitializeOnLoad (77ms)
				ProcessInitializeOnLoadAttributes (293ms)
				ProcessInitializeOnLoadMethodAttributes (33ms)
				AfterProcessingInitializeOnLoad (2ms)
				EditorAssembliesLoaded (0ms)
			ExecutionOrderSort2 (0ms)
			AwakeInstancesAfterBackupRestoration (5ms)
Platform modules already initialized, skipping
Refreshing native plugins compatible for Editor in 1.42 ms, found 2 plugins.
Preloading 0 native plugins for Editor in 0.00 ms.
Unloading 3516 Unused Serialized files (Serialized files now loaded: 0)
Unloading 19 unused Assets / (21.9 KB). Loaded Objects now: 4002.
Memory consumption went from 97.5 MB to 97.5 MB.
Total: 3.472153 ms (FindLiveObjects: 0.335373 ms CreateObjectMapping: 0.216357 ms MarkObjects: 2.880995 ms  DeleteObjects: 0.038659 ms)

AssetImportParameters requested are different than current active one (requested -> active):
  custom:video-decoder-ogg-theora: a1e56fd34408186e4bbccfd4996cb3dc -> 
  custom:container-muxer-webm: aa71ff27fc2769a1b78a27578f13a17b -> 
  custom:container-demuxer-webm: 4f35f7cbe854078d1ac9338744f61a02 -> 
  custom:video-encoder-webm-vp8: eb34c28f22e8b96e1ab97ce403110664 -> 
  custom:framework-osx-AVFoundation: e770b220cccbd017edd2c1fefb359320 -> 
  custom:audio-encoder-webm-vorbis: bf7c407c2cedff20999df2af8eb42d56 -> 
  custom:container-demuxer-ogg: 62fdf1f143b41e24485cea50d1cbac27 -> 
  custom:video-decoder-webm-vp8: 9c59270c3fd7afecdb556c50c9e8de78 -> 
  custom:audio-decoder-ogg-vorbis: bf7c407c2cedff20999df2af8eb42d56 -> 
========================================================================
Received Import Request.
  Time since last request: 191.488337 seconds.
  path: Assets/3rd Party Packages
  artifactKey: Guid(83cc500a2555642fea7d561dd3d21a9a) Importer(815301076,1909f56bfc062723c751e8b465ee728b)
Start importing Assets/3rd Party Packages using Guid(83cc500a2555642fea7d561dd3d21a9a) Importer(815301076,1909f56bfc062723c751e8b465ee728b)  -> (artifact id: 'cbb0d5e8e4a3cc179ad91735c4f134c9') in 0.045000 seconds 
========================================================================
Received Prepare
Registering precompiled user dll's ...
Registered in 0.004230 seconds.
Begin MonoManager ReloadAssembly
Symbol file LoadedFromMemory doesn't match image /Users/tymofiishchebetko/Unity Projects/My project (1)/Library/PackageCache/com.unity.visualscripting@1.7.8/Editor/VisualScripting.Core/Dependencies/YamlDotNet/Unity.VisualScripting.YamlDotNet.dll
Symbol file LoadedFromMemory doesn't match image /Users/tymofiishchebetko/Unity Projects/My project (1)/Library/PackageCache/com.unity.visualscripting@1.7.8/Editor/VisualScripting.Core/Dependencies/DotNetZip/Unity.VisualScripting.IonicZip.dll
Native extension for iOS target not found
2025-04-01 13:11:58.759 Unity[2287:26241] [XcodeApplications] Failed to read NSDictionary from path /Applications/Xcode.app/Contents/Info.plist
Native extension for Android target not found
Native extension for OSXStandalone target not found
Native extension for WebGL target not found
Refreshing native plugins compatible for Editor in 0.59 ms, found 2 plugins.
Preloading 0 native plugins for Editor in 0.00 ms.
Mono: successfully reloaded assembly
- Completed reload, in  1.356 seconds
Domain Reload Profiling:
	ReloadAssembly (1357ms)
		BeginReloadAssembly (263ms)
			ExecutionOrderSort (0ms)
			DisableScriptedObjects (11ms)
			BackupInstance (0ms)
			ReleaseScriptingObjects (0ms)
			CreateAndSetChildDomain (126ms)
		EndReloadAssembly (976ms)
			LoadAssemblies (98ms)
			RebuildTransferFunctionScriptingTraits (0ms)
			SetupTypeCache (374ms)
			ReleaseScriptCaches (1ms)
			RebuildScriptCaches (53ms)
			SetupLoadedEditorAssemblies (412ms)
				LogAssemblyErrors (0ms)
				InitializePlatformSupportModulesInManaged (35ms)
				SetLoadedEditorAssemblies (1ms)
				RefreshPlugins (1ms)
				BeforeProcessingInitializeOnLoad (63ms)
				ProcessInitializeOnLoadAttributes (280ms)
				ProcessInitializeOnLoadMethodAttributes (31ms)
				AfterProcessingInitializeOnLoad (1ms)
				EditorAssembliesLoaded (0ms)
			ExecutionOrderSort2 (0ms)
			AwakeInstancesAfterBackupRestoration (4ms)
Platform modules already initialized, skipping
Refreshing native plugins compatible for Editor in 1.75 ms, found 2 plugins.
Preloading 0 native plugins for Editor in 0.00 ms.
Unloading 3516 Unused Serialized files (Serialized files now loaded: 0)
Unloading 18 unused Assets / (22.0 KB). Loaded Objects now: 4005.
Memory consumption went from 100.9 MB to 100.9 MB.
Total: 4.077931 ms (FindLiveObjects: 0.393076 ms CreateObjectMapping: 0.258659 ms MarkObjects: 3.377497 ms  DeleteObjects: 0.047796 ms)

AssetImportParameters requested are different than current active one (requested -> active):
  custom:video-decoder-ogg-theora: a1e56fd34408186e4bbccfd4996cb3dc -> 
  custom:container-muxer-webm: aa71ff27fc2769a1b78a27578f13a17b -> 
  custom:container-demuxer-webm: 4f35f7cbe854078d1ac9338744f61a02 -> 
  custom:video-encoder-webm-vp8: eb34c28f22e8b96e1ab97ce403110664 -> 
  custom:framework-osx-AVFoundation: e770b220cccbd017edd2c1fefb359320 -> 
  custom:audio-encoder-webm-vorbis: bf7c407c2cedff20999df2af8eb42d56 -> 
  custom:container-demuxer-ogg: 62fdf1f143b41e24485cea50d1cbac27 -> 
  custom:video-decoder-webm-vp8: 9c59270c3fd7afecdb556c50c9e8de78 -> 
  custom:audio-decoder-ogg-vorbis: bf7c407c2cedff20999df2af8eb42d56 -> 
========================================================================
Received Import Request.
  Time since last request: 52.694725 seconds.
  path: Assets/_Notes/TestForFreeUpdate.cs
  artifactKey: Guid(ec365197101354a18bf377825b5d2625) Importer(815301076,1909f56bfc062723c751e8b465ee728b)
Start importing Assets/_Notes/TestForFreeUpdate.cs using Guid(ec365197101354a18bf377825b5d2625) Importer(815301076,1909f56bfc062723c751e8b465ee728b)  -> (artifact id: '113f6ca999cd632314776674fc3049f8') in 0.174292 seconds 
========================================================================
Received Prepare
Registering precompiled user dll's ...
Registered in 0.003398 seconds.
Begin MonoManager ReloadAssembly
Symbol file LoadedFromMemory doesn't match image /Users/tymofiishchebetko/Unity Projects/My project (1)/Library/PackageCache/com.unity.visualscripting@1.7.8/Editor/VisualScripting.Core/Dependencies/YamlDotNet/Unity.VisualScripting.YamlDotNet.dll
Symbol file LoadedFromMemory doesn't match image /Users/tymofiishchebetko/Unity Projects/My project (1)/Library/PackageCache/com.unity.visualscripting@1.7.8/Editor/VisualScripting.Core/Dependencies/DotNetZip/Unity.VisualScripting.IonicZip.dll
Native extension for iOS target not found
2025-04-01 13:12:29.697 Unity[2287:26241] [XcodeApplications] Failed to read NSDictionary from path /Applications/Xcode.app/Contents/Info.plist
Native extension for Android target not found
Native extension for OSXStandalone target not found
Native extension for WebGL target not found
Refreshing native plugins compatible for Editor in 0.65 ms, found 2 plugins.
Preloading 0 native plugins for Editor in 0.00 ms.
Mono: successfully reloaded assembly
- Completed reload, in  1.240 seconds
Domain Reload Profiling:
	ReloadAssembly (1241ms)
		BeginReloadAssembly (174ms)
			ExecutionOrderSort (0ms)
			DisableScriptedObjects (7ms)
			BackupInstance (0ms)
			ReleaseScriptingObjects (0ms)
			CreateAndSetChildDomain (70ms)
		EndReloadAssembly (949ms)
			LoadAssemblies (80ms)
			RebuildTransferFunctionScriptingTraits (0ms)
			SetupTypeCache (344ms)
			ReleaseScriptCaches (1ms)
			RebuildScriptCaches (53ms)
			SetupLoadedEditorAssemblies (418ms)
				LogAssemblyErrors (0ms)
				InitializePlatformSupportModulesInManaged (35ms)
				SetLoadedEditorAssemblies (1ms)
				RefreshPlugins (1ms)
				BeforeProcessingInitializeOnLoad (63ms)
				ProcessInitializeOnLoadAttributes (286ms)
				ProcessInitializeOnLoadMethodAttributes (31ms)
				AfterProcessingInitializeOnLoad (2ms)
				EditorAssembliesLoaded (0ms)
			ExecutionOrderSort2 (0ms)
			AwakeInstancesAfterBackupRestoration (4ms)
Platform modules already initialized, skipping
Refreshing native plugins compatible for Editor in 2.36 ms, found 2 plugins.
Preloading 0 native plugins for Editor in 0.00 ms.
Unloading 3516 Unused Serialized files (Serialized files now loaded: 0)
Unloading 18 unused Assets / (21.9 KB). Loaded Objects now: 4008.
Memory consumption went from 178.0 MB to 178.0 MB.
Total: 3.451558 ms (FindLiveObjects: 0.326646 ms CreateObjectMapping: 0.264208 ms MarkObjects: 2.839131 ms  DeleteObjects: 0.020720 ms)

AssetImportParameters requested are different than current active one (requested -> active):
  custom:video-decoder-ogg-theora: a1e56fd34408186e4bbccfd4996cb3dc -> 
  custom:container-muxer-webm: aa71ff27fc2769a1b78a27578f13a17b -> 
  custom:container-demuxer-webm: 4f35f7cbe854078d1ac9338744f61a02 -> 
  custom:video-encoder-webm-vp8: eb34c28f22e8b96e1ab97ce403110664 -> 
  custom:framework-osx-AVFoundation: e770b220cccbd017edd2c1fefb359320 -> 
  custom:audio-encoder-webm-vorbis: bf7c407c2cedff20999df2af8eb42d56 -> 
  custom:container-demuxer-ogg: 62fdf1f143b41e24485cea50d1cbac27 -> 
  custom:video-decoder-webm-vp8: 9c59270c3fd7afecdb556c50c9e8de78 -> 
  custom:audio-decoder-ogg-vorbis: bf7c407c2cedff20999df2af8eb42d56 -> 
========================================================================
Received Prepare
Registering precompiled user dll's ...
Registered in 0.003217 seconds.
Begin MonoManager ReloadAssembly
Symbol file LoadedFromMemory doesn't match image /Users/tymofiishchebetko/Unity Projects/My project (1)/Library/PackageCache/com.unity.visualscripting@1.7.8/Editor/VisualScripting.Core/Dependencies/YamlDotNet/Unity.VisualScripting.YamlDotNet.dll
Symbol file LoadedFromMemory doesn't match image /Users/tymofiishchebetko/Unity Projects/My project (1)/Library/PackageCache/com.unity.visualscripting@1.7.8/Editor/VisualScripting.Core/Dependencies/DotNetZip/Unity.VisualScripting.IonicZip.dll
Native extension for iOS target not found
2025-04-01 13:12:38.774 Unity[2287:26241] [XcodeApplications] Failed to read NSDictionary from path /Applications/Xcode.app/Contents/Info.plist
Native extension for Android target not found
Native extension for OSXStandalone target not found
Native extension for WebGL target not found
Refreshing native plugins compatible for Editor in 0.84 ms, found 2 plugins.
Preloading 0 native plugins for Editor in 0.00 ms.
Mono: successfully reloaded assembly
- Completed reload, in  1.262 seconds
Domain Reload Profiling:
	ReloadAssembly (1263ms)
		BeginReloadAssembly (183ms)
			ExecutionOrderSort (0ms)
			DisableScriptedObjects (8ms)
			BackupInstance (0ms)
			ReleaseScriptingObjects (0ms)
			CreateAndSetChildDomain (82ms)
		EndReloadAssembly (961ms)
			LoadAssemblies (80ms)
			RebuildTransferFunctionScriptingTraits (0ms)
			SetupTypeCache (356ms)
			ReleaseScriptCaches (1ms)
			RebuildScriptCaches (54ms)
			SetupLoadedEditorAssemblies (414ms)
				LogAssemblyErrors (0ms)
				InitializePlatformSupportModulesInManaged (35ms)
				SetLoadedEditorAssemblies (1ms)
				RefreshPlugins (1ms)
				BeforeProcessingInitializeOnLoad (64ms)
				ProcessInitializeOnLoadAttributes (281ms)
				ProcessInitializeOnLoadMethodAttributes (31ms)
				AfterProcessingInitializeOnLoad (2ms)
				EditorAssembliesLoaded (0ms)
			ExecutionOrderSort2 (0ms)
			AwakeInstancesAfterBackupRestoration (5ms)
Platform modules already initialized, skipping
Refreshing native plugins compatible for Editor in 1.29 ms, found 2 plugins.
Preloading 0 native plugins for Editor in 0.00 ms.
Unloading 3516 Unused Serialized files (Serialized files now loaded: 0)
Unloading 18 unused Assets / (22.0 KB). Loaded Objects now: 4011.
Memory consumption went from 181.4 MB to 181.3 MB.
Total: 3.347628 ms (FindLiveObjects: 0.294868 ms CreateObjectMapping: 0.185596 ms MarkObjects: 2.844668 ms  DeleteObjects: 0.021602 ms)

AssetImportParameters requested are different than current active one (requested -> active):
  custom:video-decoder-ogg-theora: a1e56fd34408186e4bbccfd4996cb3dc -> 
  custom:container-muxer-webm: aa71ff27fc2769a1b78a27578f13a17b -> 
  custom:container-demuxer-webm: 4f35f7cbe854078d1ac9338744f61a02 -> 
  custom:video-encoder-webm-vp8: eb34c28f22e8b96e1ab97ce403110664 -> 
  custom:framework-osx-AVFoundation: e770b220cccbd017edd2c1fefb359320 -> 
  custom:audio-encoder-webm-vorbis: bf7c407c2cedff20999df2af8eb42d56 -> 
  custom:container-demuxer-ogg: 62fdf1f143b41e24485cea50d1cbac27 -> 
  custom:video-decoder-webm-vp8: 9c59270c3fd7afecdb556c50c9e8de78 -> 
  custom:audio-decoder-ogg-vorbis: bf7c407c2cedff20999df2af8eb42d56 -> 
========================================================================
Received Prepare
Registering precompiled user dll's ...
Registered in 0.003385 seconds.
Begin MonoManager ReloadAssembly
Symbol file LoadedFromMemory doesn't match image /Users/tymofiishchebetko/Unity Projects/My project (1)/Library/PackageCache/com.unity.visualscripting@1.7.8/Editor/VisualScripting.Core/Dependencies/YamlDotNet/Unity.VisualScripting.YamlDotNet.dll
Symbol file LoadedFromMemory doesn't match image /Users/tymofiishchebetko/Unity Projects/My project (1)/Library/PackageCache/com.unity.visualscripting@1.7.8/Editor/VisualScripting.Core/Dependencies/DotNetZip/Unity.VisualScripting.IonicZip.dll
Native extension for iOS target not found
2025-04-01 13:12:48.792 Unity[2287:26241] [XcodeApplications] Failed to read NSDictionary from path /Applications/Xcode.app/Contents/Info.plist
Native extension for Android target not found
Native extension for OSXStandalone target not found
Native extension for WebGL target not found
Refreshing native plugins compatible for Editor in 0.59 ms, found 2 plugins.
Preloading 0 native plugins for Editor in 0.00 ms.
Mono: successfully reloaded assembly
- Completed reload, in  1.252 seconds
Domain Reload Profiling:
	ReloadAssembly (1253ms)
		BeginReloadAssembly (167ms)
			ExecutionOrderSort (0ms)
			DisableScriptedObjects (7ms)
			BackupInstance (0ms)
			ReleaseScriptingObjects (0ms)
			CreateAndSetChildDomain (72ms)
		EndReloadAssembly (966ms)
			LoadAssemblies (80ms)
			RebuildTransferFunctionScriptingTraits (0ms)
			SetupTypeCache (361ms)
			ReleaseScriptCaches (1ms)
			RebuildScriptCaches (54ms)
			SetupLoadedEditorAssemblies (416ms)
				LogAssemblyErrors (0ms)
				InitializePlatformSupportModulesInManaged (35ms)
				SetLoadedEditorAssemblies (1ms)
				RefreshPlugins (1ms)
				BeforeProcessingInitializeOnLoad (63ms)
				ProcessInitializeOnLoadAttributes (282ms)
				ProcessInitializeOnLoadMethodAttributes (32ms)
				AfterProcessingInitializeOnLoad (1ms)
				EditorAssembliesLoaded (0ms)
			ExecutionOrderSort2 (0ms)
			AwakeInstancesAfterBackupRestoration (4ms)
Platform modules already initialized, skipping
Refreshing native plugins compatible for Editor in 1.26 ms, found 2 plugins.
Preloading 0 native plugins for Editor in 0.00 ms.
Unloading 3516 Unused Serialized files (Serialized files now loaded: 0)
Unloading 18 unused Assets / (22.0 KB). Loaded Objects now: 4014.
Memory consumption went from 184.7 MB to 184.7 MB.
Total: 3.236042 ms (FindLiveObjects: 0.289156 ms CreateObjectMapping: 0.168085 ms MarkObjects: 2.761128 ms  DeleteObjects: 0.016856 ms)

AssetImportParameters requested are different than current active one (requested -> active):
  custom:video-decoder-ogg-theora: a1e56fd34408186e4bbccfd4996cb3dc -> 
  custom:container-muxer-webm: aa71ff27fc2769a1b78a27578f13a17b -> 
  custom:container-demuxer-webm: 4f35f7cbe854078d1ac9338744f61a02 -> 
  custom:video-encoder-webm-vp8: eb34c28f22e8b96e1ab97ce403110664 -> 
  custom:framework-osx-AVFoundation: e770b220cccbd017edd2c1fefb359320 -> 
  custom:audio-encoder-webm-vorbis: bf7c407c2cedff20999df2af8eb42d56 -> 
  custom:container-demuxer-ogg: 62fdf1f143b41e24485cea50d1cbac27 -> 
  custom:video-decoder-webm-vp8: 9c59270c3fd7afecdb556c50c9e8de78 -> 
  custom:audio-decoder-ogg-vorbis: bf7c407c2cedff20999df2af8eb42d56 -> 
========================================================================
Received Prepare
Registering precompiled user dll's ...
Registered in 0.002865 seconds.
Begin MonoManager ReloadAssembly
Symbol file LoadedFromMemory doesn't match image /Users/tymofiishchebetko/Unity Projects/My project (1)/Library/PackageCache/com.unity.visualscripting@1.7.8/Editor/VisualScripting.Core/Dependencies/YamlDotNet/Unity.VisualScripting.YamlDotNet.dll
Symbol file LoadedFromMemory doesn't match image /Users/tymofiishchebetko/Unity Projects/My project (1)/Library/PackageCache/com.unity.visualscripting@1.7.8/Editor/VisualScripting.Core/Dependencies/DotNetZip/Unity.VisualScripting.IonicZip.dll
Native extension for iOS target not found
2025-04-01 13:13:00.784 Unity[2287:26241] [XcodeApplications] Failed to read NSDictionary from path /Applications/Xcode.app/Contents/Info.plist
Native extension for Android target not found
Native extension for OSXStandalone target not found
Native extension for WebGL target not found
Refreshing native plugins compatible for Editor in 0.60 ms, found 2 plugins.
Preloading 0 native plugins for Editor in 0.00 ms.
Mono: successfully reloaded assembly
- Completed reload, in  1.250 seconds
Domain Reload Profiling:
	ReloadAssembly (1250ms)
		BeginReloadAssembly (169ms)
			ExecutionOrderSort (0ms)
			DisableScriptedObjects (7ms)
			BackupInstance (0ms)
			ReleaseScriptingObjects (0ms)
			CreateAndSetChildDomain (74ms)
		EndReloadAssembly (963ms)
			LoadAssemblies (81ms)
			RebuildTransferFunctionScriptingTraits (0ms)
			SetupTypeCache (363ms)
			ReleaseScriptCaches (1ms)
			RebuildScriptCaches (53ms)
			SetupLoadedEditorAssemblies (410ms)
				LogAssemblyErrors (0ms)
				InitializePlatformSupportModulesInManaged (36ms)
				SetLoadedEditorAssemblies (1ms)
				RefreshPlugins (1ms)
				BeforeProcessingInitializeOnLoad (63ms)
				ProcessInitializeOnLoadAttributes (277ms)
				ProcessInitializeOnLoadMethodAttributes (32ms)
				AfterProcessingInitializeOnLoad (2ms)
				EditorAssembliesLoaded (0ms)
			ExecutionOrderSort2 (0ms)
			AwakeInstancesAfterBackupRestoration (4ms)
Platform modules already initialized, skipping
Refreshing native plugins compatible for Editor in 1.43 ms, found 2 plugins.
Preloading 0 native plugins for Editor in 0.00 ms.
Unloading 3516 Unused Serialized files (Serialized files now loaded: 0)
Unloading 18 unused Assets / (22.0 KB). Loaded Objects now: 4017.
Memory consumption went from 188.1 MB to 188.1 MB.
Total: 4.853090 ms (FindLiveObjects: 0.326480 ms CreateObjectMapping: 0.240074 ms MarkObjects: 4.258326 ms  DeleteObjects: 0.027095 ms)

AssetImportParameters requested are different than current active one (requested -> active):
  custom:video-decoder-ogg-theora: a1e56fd34408186e4bbccfd4996cb3dc -> 
  custom:container-muxer-webm: aa71ff27fc2769a1b78a27578f13a17b -> 
  custom:container-demuxer-webm: 4f35f7cbe854078d1ac9338744f61a02 -> 
  custom:video-encoder-webm-vp8: eb34c28f22e8b96e1ab97ce403110664 -> 
  custom:framework-osx-AVFoundation: e770b220cccbd017edd2c1fefb359320 -> 
  custom:audio-encoder-webm-vorbis: bf7c407c2cedff20999df2af8eb42d56 -> 
  custom:container-demuxer-ogg: 62fdf1f143b41e24485cea50d1cbac27 -> 
  custom:video-decoder-webm-vp8: 9c59270c3fd7afecdb556c50c9e8de78 -> 
  custom:audio-decoder-ogg-vorbis: bf7c407c2cedff20999df2af8eb42d56 -> 
========================================================================
Received Prepare
Registering precompiled user dll's ...
Registered in 0.003406 seconds.
Begin MonoManager ReloadAssembly
Symbol file LoadedFromMemory doesn't match image /Users/tymofiishchebetko/Unity Projects/My project (1)/Library/PackageCache/com.unity.visualscripting@1.7.8/Editor/VisualScripting.Core/Dependencies/YamlDotNet/Unity.VisualScripting.YamlDotNet.dll
Symbol file LoadedFromMemory doesn't match image /Users/tymofiishchebetko/Unity Projects/My project (1)/Library/PackageCache/com.unity.visualscripting@1.7.8/Editor/VisualScripting.Core/Dependencies/DotNetZip/Unity.VisualScripting.IonicZip.dll
Native extension for iOS target not found
2025-04-01 13:13:13.652 Unity[2287:26241] [XcodeApplications] Failed to read NSDictionary from path /Applications/Xcode.app/Contents/Info.plist
Native extension for Android target not found
Native extension for OSXStandalone target not found
Native extension for WebGL target not found
Refreshing native plugins compatible for Editor in 0.66 ms, found 2 plugins.
Preloading 0 native plugins for Editor in 0.00 ms.
Mono: successfully reloaded assembly
- Completed reload, in  1.231 seconds
Domain Reload Profiling:
	ReloadAssembly (1232ms)
		BeginReloadAssembly (163ms)
			ExecutionOrderSort (0ms)
			DisableScriptedObjects (7ms)
			BackupInstance (0ms)
			ReleaseScriptingObjects (0ms)
			CreateAndSetChildDomain (64ms)
		EndReloadAssembly (952ms)
			LoadAssemblies (79ms)
			RebuildTransferFunctionScriptingTraits (0ms)
			SetupTypeCache (345ms)
			ReleaseScriptCaches (1ms)
			RebuildScriptCaches (55ms)
			SetupLoadedEditorAssemblies (416ms)
				LogAssemblyErrors (0ms)
				InitializePlatformSupportModulesInManaged (34ms)
				SetLoadedEditorAssemblies (1ms)
				RefreshPlugins (1ms)
				BeforeProcessingInitializeOnLoad (63ms)
				ProcessInitializeOnLoadAttributes (284ms)
				ProcessInitializeOnLoadMethodAttributes (32ms)
				AfterProcessingInitializeOnLoad (2ms)
				EditorAssembliesLoaded (0ms)
			ExecutionOrderSort2 (0ms)
			AwakeInstancesAfterBackupRestoration (5ms)
Platform modules already initialized, skipping
Refreshing native plugins compatible for Editor in 2.11 ms, found 2 plugins.
Preloading 0 native plugins for Editor in 0.00 ms.
Unloading 3516 Unused Serialized files (Serialized files now loaded: 0)
Unloading 18 unused Assets / (22.0 KB). Loaded Objects now: 4020.
Memory consumption went from 191.5 MB to 191.4 MB.
Total: 3.935461 ms (FindLiveObjects: 0.349200 ms CreateObjectMapping: 0.251014 ms MarkObjects: 3.267044 ms  DeleteObjects: 0.025300 ms)

AssetImportParameters requested are different than current active one (requested -> active):
  custom:video-decoder-ogg-theora: a1e56fd34408186e4bbccfd4996cb3dc -> 
  custom:container-muxer-webm: aa71ff27fc2769a1b78a27578f13a17b -> 
  custom:container-demuxer-webm: 4f35f7cbe854078d1ac9338744f61a02 -> 
  custom:video-encoder-webm-vp8: eb34c28f22e8b96e1ab97ce403110664 -> 
  custom:framework-osx-AVFoundation: e770b220cccbd017edd2c1fefb359320 -> 
  custom:audio-encoder-webm-vorbis: bf7c407c2cedff20999df2af8eb42d56 -> 
  custom:container-demuxer-ogg: 62fdf1f143b41e24485cea50d1cbac27 -> 
  custom:video-decoder-webm-vp8: 9c59270c3fd7afecdb556c50c9e8de78 -> 
  custom:audio-decoder-ogg-vorbis: bf7c407c2cedff20999df2af8eb42d56 -> 
========================================================================
Received Prepare
Registering precompiled user dll's ...
Registered in 0.002869 seconds.
Begin MonoManager ReloadAssembly
Symbol file LoadedFromMemory doesn't match image /Users/tymofiishchebetko/Unity Projects/My project (1)/Library/PackageCache/com.unity.visualscripting@1.7.8/Editor/VisualScripting.Core/Dependencies/YamlDotNet/Unity.VisualScripting.YamlDotNet.dll
Symbol file LoadedFromMemory doesn't match image /Users/tymofiishchebetko/Unity Projects/My project (1)/Library/PackageCache/com.unity.visualscripting@1.7.8/Editor/VisualScripting.Core/Dependencies/DotNetZip/Unity.VisualScripting.IonicZip.dll
Native extension for iOS target not found
2025-04-01 13:14:20.795 Unity[2287:26241] [XcodeApplications] Failed to read NSDictionary from path /Applications/Xcode.app/Contents/Info.plist
Native extension for Android target not found
Native extension for OSXStandalone target not found
Native extension for WebGL target not found
Refreshing native plugins compatible for Editor in 0.54 ms, found 2 plugins.
Preloading 0 native plugins for Editor in 0.00 ms.
Mono: successfully reloaded assembly
- Completed reload, in  1.270 seconds
Domain Reload Profiling:
	ReloadAssembly (1271ms)
		BeginReloadAssembly (181ms)
			ExecutionOrderSort (0ms)
			DisableScriptedObjects (7ms)
			BackupInstance (0ms)
			ReleaseScriptingObjects (0ms)
			CreateAndSetChildDomain (68ms)
		EndReloadAssembly (975ms)
			LoadAssemblies (84ms)
			RebuildTransferFunctionScriptingTraits (0ms)
			SetupTypeCache (349ms)
			ReleaseScriptCaches (2ms)
			RebuildScriptCaches (56ms)
			SetupLoadedEditorAssemblies (434ms)
				LogAssemblyErrors (0ms)
				InitializePlatformSupportModulesInManaged (35ms)
				SetLoadedEditorAssemblies (1ms)
				RefreshPlugins (1ms)
				BeforeProcessingInitializeOnLoad (66ms)
				ProcessInitializeOnLoadAttributes (297ms)
				ProcessInitializeOnLoadMethodAttributes (32ms)
				AfterProcessingInitializeOnLoad (2ms)
				EditorAssembliesLoaded (0ms)
			ExecutionOrderSort2 (0ms)
			AwakeInstancesAfterBackupRestoration (5ms)
Platform modules already initialized, skipping
Refreshing native plugins compatible for Editor in 2.07 ms, found 2 plugins.
Preloading 0 native plugins for Editor in 0.00 ms.
Unloading 3516 Unused Serialized files (Serialized files now loaded: 0)
Unloading 18 unused Assets / (21.9 KB). Loaded Objects now: 4023.
Memory consumption went from 194.8 MB to 194.8 MB.
Total: 3.896952 ms (FindLiveObjects: 0.370615 ms CreateObjectMapping: 0.366165 ms MarkObjects: 3.128231 ms  DeleteObjects: 0.030563 ms)

AssetImportParameters requested are different than current active one (requested -> active):
  custom:video-decoder-ogg-theora: a1e56fd34408186e4bbccfd4996cb3dc -> 
  custom:container-muxer-webm: aa71ff27fc2769a1b78a27578f13a17b -> 
  custom:container-demuxer-webm: 4f35f7cbe854078d1ac9338744f61a02 -> 
  custom:video-encoder-webm-vp8: eb34c28f22e8b96e1ab97ce403110664 -> 
  custom:framework-osx-AVFoundation: e770b220cccbd017edd2c1fefb359320 -> 
  custom:audio-encoder-webm-vorbis: bf7c407c2cedff20999df2af8eb42d56 -> 
  custom:container-demuxer-ogg: 62fdf1f143b41e24485cea50d1cbac27 -> 
  custom:video-decoder-webm-vp8: 9c59270c3fd7afecdb556c50c9e8de78 -> 
  custom:audio-decoder-ogg-vorbis: bf7c407c2cedff20999df2af8eb42d56 -> 
========================================================================
Received Import Request.
  Time since last request: 141.778821 seconds.
  path: Assets/_CryptoMVP/_background/video background.mp4
  artifactKey: Guid(ce2c0dd1970ac4ca3aceca5a0e9281af) Importer(815301076,1909f56bfc062723c751e8b465ee728b)
Start importing Assets/_CryptoMVP/_background/video background.mp4 using Guid(ce2c0dd1970ac4ca3aceca5a0e9281af) Importer(815301076,1909f56bfc062723c751e8b465ee728b)  -> (artifact id: '831f95ecf2f73c966434470f0093e453') in 0.900601 seconds 
========================================================================
Received Import Request.
  Time since last request: 0.000091 seconds.
  path: Assets/_CryptoMVP/_background/1 Background.jpg
  artifactKey: Guid(341dba42781ac4f67960a158c2e38f1d) Importer(815301076,1909f56bfc062723c751e8b465ee728b)
Start importing Assets/_CryptoMVP/_background/1 Background.jpg using Guid(341dba42781ac4f67960a158c2e38f1d) Importer(815301076,1909f56bfc062723c751e8b465ee728b)  -> (artifact id: '8925c0b4e15003ca15057919eba5f742') in 1.674425 seconds 
========================================================================
Received Import Request.
  Time since last request: 0.000080 seconds.
  path: Assets/_CryptoMVP/_background/NFT background.png
  artifactKey: Guid(b8cd09c6676f24dfab7a8f676efddc30) Importer(815301076,1909f56bfc062723c751e8b465ee728b)
Start importing Assets/_CryptoMVP/_background/NFT background.png using Guid(b8cd09c6676f24dfab7a8f676efddc30) Importer(815301076,1909f56bfc062723c751e8b465ee728b)  -> (artifact id: '974e3e1f130596848424eb40765dc032') in 0.188912 seconds 
========================================================================
Received Import Request.
  Time since last request: 3.986292 seconds.
  path: Assets/_CryptoMVP/_background/VideoBackground
  artifactKey: Guid(31ff671a457e84a818096cb44c1dcb21) Importer(815301076,1909f56bfc062723c751e8b465ee728b)
Start importing Assets/_CryptoMVP/_background/VideoBackground using Guid(31ff671a457e84a818096cb44c1dcb21) Importer(815301076,1909f56bfc062723c751e8b465ee728b)  -> (artifact id: 'e584802e08f40e8bf874dbd81cf95bca') in 0.002421 seconds 
========================================================================
Received Import Request.
  Time since last request: 2.347402 seconds.
  path: Assets/_CryptoMVP/_background/BackgroundSprites/aptos.png
  artifactKey: Guid(c4f4c5442d9454302ba0f6d9e7327f9e) Importer(815301076,1909f56bfc062723c751e8b465ee728b)
Start importing Assets/_CryptoMVP/_background/BackgroundSprites/aptos.png using Guid(c4f4c5442d9454302ba0f6d9e7327f9e) Importer(815301076,1909f56bfc062723c751e8b465ee728b)  -> (artifact id: 'ccc65f113c82a2558e0d8239505f8210') in 0.024119 seconds 
========================================================================
Received Import Request.
  Time since last request: 0.000128 seconds.
  path: Assets/_CryptoMVP/_background/BackgroundSprites/near.png
  artifactKey: Guid(64bd17d022de249afaea60cfa4254a77) Importer(815301076,1909f56bfc062723c751e8b465ee728b)
Start importing Assets/_CryptoMVP/_background/BackgroundSprites/near.png using Guid(64bd17d022de249afaea60cfa4254a77) Importer(815301076,1909f56bfc062723c751e8b465ee728b)  -> (artifact id: '557232f0b136c0512d88ea63d2626480') in 0.056667 seconds 
========================================================================
Received Import Request.
  Time since last request: 0.000088 seconds.
  path: Assets/_CryptoMVP/_background/BackgroundSprites/sol.png
  artifactKey: Guid(df3a395ea575a4038b98db877eb0b109) Importer(815301076,1909f56bfc062723c751e8b465ee728b)
Start importing Assets/_CryptoMVP/_background/BackgroundSprites/sol.png using Guid(df3a395ea575a4038b98db877eb0b109) Importer(815301076,1909f56bfc062723c751e8b465ee728b)  -> (artifact id: '8264744d8c70b714444398327ce35627') in 0.043842 seconds 
========================================================================
Received Import Request.
  Time since last request: 0.000154 seconds.
  path: Assets/_CryptoMVP/_background/BackgroundSprites/Matic.png
  artifactKey: Guid(7e73395ee6a0448c3bc8d2e230939ab5) Importer(815301076,1909f56bfc062723c751e8b465ee728b)
Start importing Assets/_CryptoMVP/_background/BackgroundSprites/Matic.png using Guid(7e73395ee6a0448c3bc8d2e230939ab5) Importer(815301076,1909f56bfc062723c751e8b465ee728b)  -> (artifact id: 'ec7b717f3b6f6330dc40f8cf46c7f1a5') in 0.030841 seconds 
========================================================================
Received Import Request.
  Time since last request: 0.000075 seconds.
  path: Assets/_CryptoMVP/_background/BackgroundSprites/xrp.png
  artifactKey: Guid(f67ab6f52dce84485ae01a7dd77fde9b) Importer(815301076,1909f56bfc062723c751e8b465ee728b)
Start importing Assets/_CryptoMVP/_background/BackgroundSprites/xrp.png using Guid(f67ab6f52dce84485ae01a7dd77fde9b) Importer(815301076,1909f56bfc062723c751e8b465ee728b)  -> (artifact id: '4e7c38b3ddbd6637373a0b4182e54f75') in 0.016273 seconds 
========================================================================
Received Import Request.
  Time since last request: 0.000089 seconds.
  path: Assets/_CryptoMVP/_background/BackgroundSprites/ltc.png
  artifactKey: Guid(2aa684ca0a3e84c84abc4a39d52e1b64) Importer(815301076,1909f56bfc062723c751e8b465ee728b)
Start importing Assets/_CryptoMVP/_background/BackgroundSprites/ltc.png using Guid(2aa684ca0a3e84c84abc4a39d52e1b64) Importer(815301076,1909f56bfc062723c751e8b465ee728b)  -> (artifact id: 'e4fc6efd1579ce0146644e74a08f29a3') in 0.038914 seconds 
========================================================================
Received Import Request.
  Time since last request: 0.578479 seconds.
  path: Assets/_CryptoMVP/_background/VideoBackground/background.mp4
  artifactKey: Guid(4125efee4d34846b89c2cd86f001719a) Importer(815301076,1909f56bfc062723c751e8b465ee728b)
Start importing Assets/_CryptoMVP/_background/VideoBackground/background.mp4 using Guid(4125efee4d34846b89c2cd86f001719a) Importer(815301076,1909f56bfc062723c751e8b465ee728b)  -> (artifact id: '8529066cbff91f7b5d4927a1a1208115') in 0.004155 seconds 
========================================================================
Received Prepare
Registering precompiled user dll's ...
Registered in 0.003412 seconds.
Begin MonoManager ReloadAssembly
Symbol file LoadedFromMemory doesn't match image /Users/tymofiishchebetko/Unity Projects/My project (1)/Library/PackageCache/com.unity.visualscripting@1.7.8/Editor/VisualScripting.Core/Dependencies/YamlDotNet/Unity.VisualScripting.YamlDotNet.dll
Symbol file LoadedFromMemory doesn't match image /Users/tymofiishchebetko/Unity Projects/My project (1)/Library/PackageCache/com.unity.visualscripting@1.7.8/Editor/VisualScripting.Core/Dependencies/DotNetZip/Unity.VisualScripting.IonicZip.dll
Native extension for iOS target not found
2025-04-01 13:20:24.003 Unity[2287:26241] [XcodeApplications] Failed to read NSDictionary from path /Applications/Xcode.app/Contents/Info.plist
Native extension for Android target not found
Native extension for OSXStandalone target not found
Native extension for WebGL target not found
Refreshing native plugins compatible for Editor in 0.58 ms, found 2 plugins.
Preloading 0 native plugins for Editor in 0.00 ms.
Mono: successfully reloaded assembly
- Completed reload, in  1.480 seconds
Domain Reload Profiling:
	ReloadAssembly (1482ms)
		BeginReloadAssembly (296ms)
			ExecutionOrderSort (0ms)
			DisableScriptedObjects (16ms)
			BackupInstance (0ms)
			ReleaseScriptingObjects (0ms)
			CreateAndSetChildDomain (152ms)
		EndReloadAssembly (1062ms)
			LoadAssemblies (133ms)
			RebuildTransferFunctionScriptingTraits (0ms)
			SetupTypeCache (402ms)
			ReleaseScriptCaches (1ms)
			RebuildScriptCaches (55ms)
			SetupLoadedEditorAssemblies (426ms)
				LogAssemblyErrors (0ms)
				InitializePlatformSupportModulesInManaged (37ms)
				SetLoadedEditorAssemblies (1ms)
				RefreshPlugins (1ms)
				BeforeProcessingInitializeOnLoad (65ms)
				ProcessInitializeOnLoadAttributes (289ms)
				ProcessInitializeOnLoadMethodAttributes (33ms)
				AfterProcessingInitializeOnLoad (2ms)
				EditorAssembliesLoaded (0ms)
			ExecutionOrderSort2 (0ms)
			AwakeInstancesAfterBackupRestoration (5ms)
Platform modules already initialized, skipping
Refreshing native plugins compatible for Editor in 2.86 ms, found 2 plugins.
Preloading 0 native plugins for Editor in 0.00 ms.
Unloading 3516 Unused Serialized files (Serialized files now loaded: 0)
Unloading 18 unused Assets / (22.0 KB). Loaded Objects now: 4037.
Memory consumption went from 422.3 MB to 422.3 MB.
Total: 4.038913 ms (FindLiveObjects: 0.346882 ms CreateObjectMapping: 0.265934 ms MarkObjects: 3.350045 ms  DeleteObjects: 0.074837 ms)

AssetImportParameters requested are different than current active one (requested -> active):
  custom:video-decoder-ogg-theora: a1e56fd34408186e4bbccfd4996cb3dc -> 
  custom:container-muxer-webm: aa71ff27fc2769a1b78a27578f13a17b -> 
  custom:container-demuxer-webm: 4f35f7cbe854078d1ac9338744f61a02 -> 
  custom:video-encoder-webm-vp8: eb34c28f22e8b96e1ab97ce403110664 -> 
  custom:framework-osx-AVFoundation: e770b220cccbd017edd2c1fefb359320 -> 
  custom:audio-encoder-webm-vorbis: bf7c407c2cedff20999df2af8eb42d56 -> 
  custom:container-demuxer-ogg: 62fdf1f143b41e24485cea50d1cbac27 -> 
  custom:video-decoder-webm-vp8: 9c59270c3fd7afecdb556c50c9e8de78 -> 
  custom:audio-decoder-ogg-vorbis: bf7c407c2cedff20999df2af8eb42d56 -> 
========================================================================
Received Import Request.
  Time since last request: 353.267729 seconds.
  path: Assets/_CryptoMVP/_background/ParticleSpriteController.cs
  artifactKey: Guid(13b3cf00a152e409f9525db2794d83ac) Importer(815301076,1909f56bfc062723c751e8b465ee728b)
Start importing Assets/_CryptoMVP/_background/ParticleSpriteController.cs using Guid(13b3cf00a152e409f9525db2794d83ac) Importer(815301076,1909f56bfc062723c751e8b465ee728b)  -> (artifact id: '48f33d938afd9836594db30bb6b7c582') in 0.014739 seconds 
========================================================================
Received Import Request.
  Time since last request: 5.697487 seconds.
  path: Assets/_CryptoMVP/_GamingData/_ExternalFiles.cs
  artifactKey: Guid(4e659c7b2714c144fbf0dedfd9a66e4e) Importer(815301076,1909f56bfc062723c751e8b465ee728b)
Start importing Assets/_CryptoMVP/_GamingData/_ExternalFiles.cs using Guid(4e659c7b2714c144fbf0dedfd9a66e4e) Importer(815301076,1909f56bfc062723c751e8b465ee728b)  -> (artifact id: '675321da1e49e9cd89c47ce50c494528') in 0.003139 seconds 
========================================================================
Received Import Request.
  Time since last request: 32.509303 seconds.
  path: Assets/_CryptoMVP/_GamingData/CryptoCurrenciesRate.cs
  artifactKey: Guid(73a8c7ef610964adeb845110abc1203a) Importer(815301076,1909f56bfc062723c751e8b465ee728b)
Start importing Assets/_CryptoMVP/_GamingData/CryptoCurrenciesRate.cs using Guid(73a8c7ef610964adeb845110abc1203a) Importer(815301076,1909f56bfc062723c751e8b465ee728b)  -> (artifact id: '2e480f13adde70f8ae23266083be2194') in 0.003421 seconds 
========================================================================
Received Import Request.
  Time since last request: 29.012579 seconds.
  path: Assets/_CryptoMVP/_GamingData/CryptoCurrenciesRate.cs
  artifactKey: Guid(73a8c7ef610964adeb845110abc1203a) Importer(815301076,1909f56bfc062723c751e8b465ee728b)
Start importing Assets/_CryptoMVP/_GamingData/CryptoCurrenciesRate.cs using Guid(73a8c7ef610964adeb845110abc1203a) Importer(815301076,1909f56bfc062723c751e8b465ee728b)  -> (artifact id: '170a0f7747f99ea1f0aa988638bfe8b7') in 0.002249 seconds 
========================================================================
Received Prepare
Registering precompiled user dll's ...
Registered in 0.003794 seconds.
Begin MonoManager ReloadAssembly
Symbol file LoadedFromMemory doesn't match image /Users/tymofiishchebetko/Unity Projects/My project (1)/Library/PackageCache/com.unity.visualscripting@1.7.8/Editor/VisualScripting.Core/Dependencies/YamlDotNet/Unity.VisualScripting.YamlDotNet.dll
Symbol file LoadedFromMemory doesn't match image /Users/tymofiishchebetko/Unity Projects/My project (1)/Library/PackageCache/com.unity.visualscripting@1.7.8/Editor/VisualScripting.Core/Dependencies/DotNetZip/Unity.VisualScripting.IonicZip.dll
Native extension for iOS target not found
2025-04-01 13:21:39.066 Unity[2287:26241] [XcodeApplications] Failed to read NSDictionary from path /Applications/Xcode.app/Contents/Info.plist
Native extension for Android target not found
Native extension for OSXStandalone target not found
Native extension for WebGL target not found
Refreshing native plugins compatible for Editor in 0.67 ms, found 2 plugins.
Preloading 0 native plugins for Editor in 0.00 ms.
Mono: successfully reloaded assembly
- Completed reload, in  1.319 seconds
Domain Reload Profiling:
	ReloadAssembly (1320ms)
		BeginReloadAssembly (169ms)
			ExecutionOrderSort (0ms)
			DisableScriptedObjects (7ms)
			BackupInstance (0ms)
			ReleaseScriptingObjects (0ms)
			CreateAndSetChildDomain (68ms)
		EndReloadAssembly (1031ms)
			LoadAssemblies (81ms)
			RebuildTransferFunctionScriptingTraits (0ms)
			SetupTypeCache (361ms)
			ReleaseScriptCaches (2ms)
			RebuildScriptCaches (55ms)
			SetupLoadedEditorAssemblies (475ms)
				LogAssemblyErrors (0ms)
				InitializePlatformSupportModulesInManaged (44ms)
				SetLoadedEditorAssemblies (1ms)
				RefreshPlugins (1ms)
				BeforeProcessingInitializeOnLoad (76ms)
				ProcessInitializeOnLoadAttributes (319ms)
				ProcessInitializeOnLoadMethodAttributes (34ms)
				AfterProcessingInitializeOnLoad (2ms)
				EditorAssembliesLoaded (0ms)
			ExecutionOrderSort2 (0ms)
			AwakeInstancesAfterBackupRestoration (5ms)
Platform modules already initialized, skipping
Refreshing native plugins compatible for Editor in 3.21 ms, found 2 plugins.
Preloading 0 native plugins for Editor in 0.00 ms.
Unloading 3516 Unused Serialized files (Serialized files now loaded: 0)
Unloading 18 unused Assets / (21.9 KB). Loaded Objects now: 4040.
Memory consumption went from 425.7 MB to 425.6 MB.
Total: 3.576973 ms (FindLiveObjects: 0.353687 ms CreateObjectMapping: 0.263465 ms MarkObjects: 2.927050 ms  DeleteObjects: 0.031349 ms)

AssetImportParameters requested are different than current active one (requested -> active):
  custom:video-decoder-ogg-theora: a1e56fd34408186e4bbccfd4996cb3dc -> 
  custom:container-muxer-webm: aa71ff27fc2769a1b78a27578f13a17b -> 
  custom:container-demuxer-webm: 4f35f7cbe854078d1ac9338744f61a02 -> 
  custom:video-encoder-webm-vp8: eb34c28f22e8b96e1ab97ce403110664 -> 
  custom:framework-osx-AVFoundation: e770b220cccbd017edd2c1fefb359320 -> 
  custom:audio-encoder-webm-vorbis: bf7c407c2cedff20999df2af8eb42d56 -> 
  custom:container-demuxer-ogg: 62fdf1f143b41e24485cea50d1cbac27 -> 
  custom:video-decoder-webm-vp8: 9c59270c3fd7afecdb556c50c9e8de78 -> 
  custom:audio-decoder-ogg-vorbis: bf7c407c2cedff20999df2af8eb42d56 -> 
========================================================================
Received Import Request.
  Time since last request: 7.679829 seconds.
  path: Assets/_CryptoMVP/_GamingData/GameColors.cs
  artifactKey: Guid(ec89e76bea383474581358b9eb04023b) Importer(815301076,1909f56bfc062723c751e8b465ee728b)
Start importing Assets/_CryptoMVP/_GamingData/GameColors.cs using Guid(ec89e76bea383474581358b9eb04023b) Importer(815301076,1909f56bfc062723c751e8b465ee728b)  -> (artifact id: '686524f4b218080078d15bf7f5b3f0e6') in 0.007651 seconds 
========================================================================
Received Import Request.
  Time since last request: 103.624425 seconds.
  path: Assets/_CryptoMVP/_GamingData/PlayersData.cs
  artifactKey: Guid(a47ed961f64364e6eb29cc51c5fcdc71) Importer(815301076,1909f56bfc062723c751e8b465ee728b)
Start importing Assets/_CryptoMVP/_GamingData/PlayersData.cs using Guid(a47ed961f64364e6eb29cc51c5fcdc71) Importer(815301076,1909f56bfc062723c751e8b465ee728b)  -> (artifact id: '4076f0832d70895c4694bfac06cf92e0') in 0.019670 seconds 
========================================================================
Received Prepare
Registering precompiled user dll's ...
Registered in 0.003351 seconds.
Begin MonoManager ReloadAssembly
Symbol file LoadedFromMemory doesn't match image /Users/tymofiishchebetko/Unity Projects/My project (1)/Library/PackageCache/com.unity.visualscripting@1.7.8/Editor/VisualScripting.Core/Dependencies/YamlDotNet/Unity.VisualScripting.YamlDotNet.dll
Symbol file LoadedFromMemory doesn't match image /Users/tymofiishchebetko/Unity Projects/My project (1)/Library/PackageCache/com.unity.visualscripting@1.7.8/Editor/VisualScripting.Core/Dependencies/DotNetZip/Unity.VisualScripting.IonicZip.dll
Native extension for iOS target not found
2025-04-01 13:23:42.728 Unity[2287:26241] [XcodeApplications] Failed to read NSDictionary from path /Applications/Xcode.app/Contents/Info.plist
Native extension for Android target not found
Native extension for OSXStandalone target not found
Native extension for WebGL target not found
Refreshing native plugins compatible for Editor in 0.67 ms, found 2 plugins.
Preloading 0 native plugins for Editor in 0.00 ms.
Mono: successfully reloaded assembly
- Completed reload, in  1.407 seconds
Domain Reload Profiling:
	ReloadAssembly (1408ms)
		BeginReloadAssembly (289ms)
			ExecutionOrderSort (0ms)
			DisableScriptedObjects (12ms)
			BackupInstance (0ms)
			ReleaseScriptingObjects (0ms)
			CreateAndSetChildDomain (136ms)
		EndReloadAssembly (1001ms)
			LoadAssemblies (100ms)
			RebuildTransferFunctionScriptingTraits (0ms)
			SetupTypeCache (385ms)
			ReleaseScriptCaches (1ms)
			RebuildScriptCaches (54ms)
			SetupLoadedEditorAssemblies (420ms)
				LogAssemblyErrors (0ms)
				InitializePlatformSupportModulesInManaged (34ms)
				SetLoadedEditorAssemblies (1ms)
				RefreshPlugins (1ms)
				BeforeProcessingInitializeOnLoad (63ms)
				ProcessInitializeOnLoadAttributes (287ms)
				ProcessInitializeOnLoadMethodAttributes (32ms)
				AfterProcessingInitializeOnLoad (2ms)
				EditorAssembliesLoaded (0ms)
			ExecutionOrderSort2 (0ms)
			AwakeInstancesAfterBackupRestoration (5ms)
Platform modules already initialized, skipping
Refreshing native plugins compatible for Editor in 1.73 ms, found 2 plugins.
Preloading 0 native plugins for Editor in 0.00 ms.
Unloading 3516 Unused Serialized files (Serialized files now loaded: 0)
Unloading 18 unused Assets / (22.0 KB). Loaded Objects now: 4043.
Memory consumption went from 429.1 MB to 429.0 MB.
Total: 4.544734 ms (FindLiveObjects: 0.362519 ms CreateObjectMapping: 0.283214 ms MarkObjects: 3.841260 ms  DeleteObjects: 0.056219 ms)

AssetImportParameters requested are different than current active one (requested -> active):
  custom:video-decoder-ogg-theora: a1e56fd34408186e4bbccfd4996cb3dc -> 
  custom:container-muxer-webm: aa71ff27fc2769a1b78a27578f13a17b -> 
  custom:container-demuxer-webm: 4f35f7cbe854078d1ac9338744f61a02 -> 
  custom:video-encoder-webm-vp8: eb34c28f22e8b96e1ab97ce403110664 -> 
  custom:framework-osx-AVFoundation: e770b220cccbd017edd2c1fefb359320 -> 
  custom:audio-encoder-webm-vorbis: bf7c407c2cedff20999df2af8eb42d56 -> 
  custom:container-demuxer-ogg: 62fdf1f143b41e24485cea50d1cbac27 -> 
  custom:video-decoder-webm-vp8: 9c59270c3fd7afecdb556c50c9e8de78 -> 
  custom:audio-decoder-ogg-vorbis: bf7c407c2cedff20999df2af8eb42d56 -> 
========================================================================
Received Import Request.
  Time since last request: 27.232560 seconds.
  path: Assets/_CryptoMVP/GUI/png_back_ground.jpeg
  artifactKey: Guid(8d6cdadeabba344128633d786cf6a2d0) Importer(815301076,1909f56bfc062723c751e8b465ee728b)
Start importing Assets/_CryptoMVP/GUI/png_back_ground.jpeg using Guid(8d6cdadeabba344128633d786cf6a2d0) Importer(815301076,1909f56bfc062723c751e8b465ee728b)  -> (artifact id: 'd6e0c7a2119caad89bc8702ee128f82e') in 0.272016 seconds 
========================================================================
Received Import Request.
  Time since last request: 0.000083 seconds.
  path: Assets/_CryptoMVP/GUI/Question.png
  artifactKey: Guid(508e416ad671b4b8aad00d4db2179241) Importer(815301076,1909f56bfc062723c751e8b465ee728b)
Start importing Assets/_CryptoMVP/GUI/Question.png using Guid(508e416ad671b4b8aad00d4db2179241) Importer(815301076,1909f56bfc062723c751e8b465ee728b)  -> (artifact id: '2f9a4f5c32e97a7c886d8b1371518a50') in 0.043966 seconds 
========================================================================
Received Import Request.
  Time since last request: 0.000090 seconds.
  path: Assets/_CryptoMVP/GUI/pngFrame.png
  artifactKey: Guid(331ff575c74594e19abedf0b4353fc33) Importer(815301076,1909f56bfc062723c751e8b465ee728b)
Start importing Assets/_CryptoMVP/GUI/pngFrame.png using Guid(331ff575c74594e19abedf0b4353fc33) Importer(815301076,1909f56bfc062723c751e8b465ee728b)  -> (artifact id: 'e7b015336d752be77edefe196290ab64') in 0.021506 seconds 
========================================================================
Received Import Request.
  Time since last request: 0.000085 seconds.
  path: Assets/_CryptoMVP/GUI/toDraw.png
  artifactKey: Guid(96bc4fc9220894b9c90c01651a3e486f) Importer(815301076,1909f56bfc062723c751e8b465ee728b)
Start importing Assets/_CryptoMVP/GUI/toDraw.png using Guid(96bc4fc9220894b9c90c01651a3e486f) Importer(815301076,1909f56bfc062723c751e8b465ee728b)  -> (artifact id: '5cbbddc6cb11c4fcea30233680dc52de') in 0.022565 seconds 
========================================================================
Received Import Request.
  Time since last request: 4.093716 seconds.
  path: Assets/_CryptoMVP/GUI/JoisticAnimation.cs
  artifactKey: Guid(208d7928d920d4193a3e5f0096cdf5f4) Importer(815301076,1909f56bfc062723c751e8b465ee728b)
Start importing Assets/_CryptoMVP/GUI/JoisticAnimation.cs using Guid(208d7928d920d4193a3e5f0096cdf5f4) Importer(815301076,1909f56bfc062723c751e8b465ee728b)  -> (artifact id: '0d0883b797a59c7863323198c270e930') in 0.002983 seconds 
========================================================================
Received Import Request.
  Time since last request: 1.432244 seconds.
  path: Assets/_CryptoMVP/GUI/CastomToggle.cs
  artifactKey: Guid(aa03ce5003a8240d7af81b864a827365) Importer(815301076,1909f56bfc062723c751e8b465ee728b)
Start importing Assets/_CryptoMVP/GUI/CastomToggle.cs using Guid(aa03ce5003a8240d7af81b864a827365) Importer(815301076,1909f56bfc062723c751e8b465ee728b)  -> (artifact id: '6953debe490fa0696f4c03f91df56878') in 0.002429 seconds 
========================================================================
Received Import Request.
  Time since last request: 2.935697 seconds.
  path: Assets/_CryptoMVP/GUI/TheToggle.cs
  artifactKey: Guid(6bcec14404c404dc39238228a77860d6) Importer(815301076,1909f56bfc062723c751e8b465ee728b)
Start importing Assets/_CryptoMVP/GUI/TheToggle.cs using Guid(6bcec14404c404dc39238228a77860d6) Importer(815301076,1909f56bfc062723c751e8b465ee728b)  -> (artifact id: '44885f3d294c997d4a12b893b2a76278') in 0.003441 seconds 
========================================================================
Received Import Request.
  Time since last request: 27.556765 seconds.
  path: Assets/_CryptoMVP/_background/GUI
  artifactKey: Guid(3072093c641d94615aab6d478987da4d) Importer(815301076,1909f56bfc062723c751e8b465ee728b)
Start importing Assets/_CryptoMVP/_background/GUI using Guid(3072093c641d94615aab6d478987da4d) Importer(815301076,1909f56bfc062723c751e8b465ee728b)  -> (artifact id: '5956d5753783fe349380bfc71ea99cd2') in 0.002159 seconds 
========================================================================
Received Import Request.
  Time since last request: 7.576875 seconds.
  path: Assets/_CryptoMVP/_background/CryptoSprites
  artifactKey: Guid(75c868aab90954aec83b3a6502609cf0) Importer(815301076,1909f56bfc062723c751e8b465ee728b)
Start importing Assets/_CryptoMVP/_background/CryptoSprites using Guid(75c868aab90954aec83b3a6502609cf0) Importer(815301076,1909f56bfc062723c751e8b465ee728b)  -> (artifact id: '37db504122668b7a8d5be1c104bb760f') in 0.004465 seconds 
========================================================================
Received Import Request.
  Time since last request: 75.675710 seconds.
  path: Assets/_CryptoMVP/GUI/Sprites
  artifactKey: Guid(f26d05db3e6184de0ad97afd8d95a8aa) Importer(815301076,1909f56bfc062723c751e8b465ee728b)
Start importing Assets/_CryptoMVP/GUI/Sprites using Guid(f26d05db3e6184de0ad97afd8d95a8aa) Importer(815301076,1909f56bfc062723c751e8b465ee728b)  -> (artifact id: '0ab0a2699d595b71fadf818c477bf9ae') in 0.001904 seconds 
========================================================================
Received Import Request.
  Time since last request: 78.574438 seconds.
  path: Assets/_CryptoMVP/GUI/JoisticAnimation.cs
  artifactKey: Guid(208d7928d920d4193a3e5f0096cdf5f4) Importer(815301076,1909f56bfc062723c751e8b465ee728b)
Start importing Assets/_CryptoMVP/GUI/JoisticAnimation.cs using Guid(208d7928d920d4193a3e5f0096cdf5f4) Importer(815301076,1909f56bfc062723c751e8b465ee728b)  -> (artifact id: '3529b4805af0bb8507db916fb593e5cd') in 0.013420 seconds 
========================================================================
Received Import Request.
  Time since last request: 63.258130 seconds.
  path: Assets/_CryptoMVP/GUI/TheToggle.cs
  artifactKey: Guid(6bcec14404c404dc39238228a77860d6) Importer(815301076,1909f56bfc062723c751e8b465ee728b)
Start importing Assets/_CryptoMVP/GUI/TheToggle.cs using Guid(6bcec14404c404dc39238228a77860d6) Importer(815301076,1909f56bfc062723c751e8b465ee728b)  -> (artifact id: '483503dac95b822a23efdf2173bfc0cd') in 0.003794 seconds 
========================================================================
Received Import Request.
  Time since last request: 11.858486 seconds.
  path: Assets/_CryptoMVP/Sprites/Blure_horizontal.png
  artifactKey: Guid(28ceecb793c2f447fbc576e2bfa186e9) Importer(815301076,1909f56bfc062723c751e8b465ee728b)
Start importing Assets/_CryptoMVP/Sprites/Blure_horizontal.png using Guid(28ceecb793c2f447fbc576e2bfa186e9) Importer(815301076,1909f56bfc062723c751e8b465ee728b)  -> (artifact id: '4f5952a903c8edb65518c885d327966d') in 0.093237 seconds 
========================================================================
Received Import Request.
  Time since last request: 0.000128 seconds.
  path: Assets/_CryptoMVP/Sprites/White_Circle.png
  artifactKey: Guid(ff9709eb66f264d22849873fc116e81d) Importer(815301076,1909f56bfc062723c751e8b465ee728b)
Start importing Assets/_CryptoMVP/Sprites/White_Circle.png using Guid(ff9709eb66f264d22849873fc116e81d) Importer(815301076,1909f56bfc062723c751e8b465ee728b)  -> (artifact id: 'c269dbef1c3e0c4454bf0cc2a883c3fd') in 0.111049 seconds 
========================================================================
Received Import Request.
  Time since last request: 115.757416 seconds.
  path: Assets/TheGame/Level1_NFTtrend/Budget4NFT.cs
  artifactKey: Guid(ef01dfb63a6d04364997ac015e593c46) Importer(815301076,1909f56bfc062723c751e8b465ee728b)
Start importing Assets/TheGame/Level1_NFTtrend/Budget4NFT.cs using Guid(ef01dfb63a6d04364997ac015e593c46) Importer(815301076,1909f56bfc062723c751e8b465ee728b)  -> (artifact id: 'f7917a63878e6b5729e0ebab7853a165') in 0.002586 seconds 
========================================================================
Received Import Request.
  Time since last request: 16.085946 seconds.
  path: Assets/TheGame/Level1_NFTtrend/DisplayNFTbudhet.cs
  artifactKey: Guid(ce96e7b4e9db04201a9855da95a9c014) Importer(815301076,1909f56bfc062723c751e8b465ee728b)
Start importing Assets/TheGame/Level1_NFTtrend/DisplayNFTbudhet.cs using Guid(ce96e7b4e9db04201a9855da95a9c014) Importer(815301076,1909f56bfc062723c751e8b465ee728b)  -> (artifact id: 'd2710c09f38c80dfffb5854b7f294aec') in 0.004419 seconds 
========================================================================
Received Import Request.
  Time since last request: 9.476498 seconds.
  path: Assets/TheGame/Level1_NFTtrend/GamingRandomData.cs
  artifactKey: Guid(2c784b59e7f56478ea462b946a94b1e5) Importer(815301076,1909f56bfc062723c751e8b465ee728b)
Start importing Assets/TheGame/Level1_NFTtrend/GamingRandomData.cs using Guid(2c784b59e7f56478ea462b946a94b1e5) Importer(815301076,1909f56bfc062723c751e8b465ee728b)  -> (artifact id: '98e4c986e3e313366ed45686a4807691') in 0.002942 seconds 
========================================================================
Received Import Request.
  Time since last request: 78.800635 seconds.
  path: Assets/TheGame/Level1_NFTtrend/GamingRandomData.cs
  artifactKey: Guid(2c784b59e7f56478ea462b946a94b1e5) Importer(815301076,1909f56bfc062723c751e8b465ee728b)
Start importing Assets/TheGame/Level1_NFTtrend/GamingRandomData.cs using Guid(2c784b59e7f56478ea462b946a94b1e5) Importer(815301076,1909f56bfc062723c751e8b465ee728b)  -> (artifact id: '5cb4cd60e7074af3e010dcc858f3841c') in 0.010819 seconds 
========================================================================
Received Import Request.
  Time since last request: 3.998314 seconds.
  path: Assets/TheGame/Level1_NFTtrend/NFTData.cs
  artifactKey: Guid(7a5e579f3848248f29272130d3183379) Importer(815301076,1909f56bfc062723c751e8b465ee728b)
Start importing Assets/TheGame/Level1_NFTtrend/NFTData.cs using Guid(7a5e579f3848248f29272130d3183379) Importer(815301076,1909f56bfc062723c751e8b465ee728b)  -> (artifact id: 'f0cceae0351f1a9f5ea50133d71c2412') in 0.003095 seconds 
========================================================================
Received Import Request.
  Time since last request: 709.013778 seconds.
  path: Assets/TheGame/Level1_NFTtrend/NFTData.cs
  artifactKey: Guid(7a5e579f3848248f29272130d3183379) Importer(815301076,1909f56bfc062723c751e8b465ee728b)
Start importing Assets/TheGame/Level1_NFTtrend/NFTData.cs using Guid(7a5e579f3848248f29272130d3183379) Importer(815301076,1909f56bfc062723c751e8b465ee728b)  -> (artifact id: '3f8d818a5a8c7e1b3e8241952586fbf9') in 0.013944 seconds 
========================================================================
Received Import Request.
  Time since last request: 5.828017 seconds.
  path: Assets/TheGame/Level1_NFTtrend/SuccessRate4NFT.cs
  artifactKey: Guid(b95429ff2eb6f4940aeeb5730b4da528) Importer(815301076,1909f56bfc062723c751e8b465ee728b)
Start importing Assets/TheGame/Level1_NFTtrend/SuccessRate4NFT.cs using Guid(b95429ff2eb6f4940aeeb5730b4da528) Importer(815301076,1909f56bfc062723c751e8b465ee728b)  -> (artifact id: '115ca9cbc8dfe3771b0445cf6bb64655') in 0.002165 seconds 
========================================================================
Received Import Request.
  Time since last request: 19.692173 seconds.
  path: Assets/TheGame/Level1_NFTtrend/Step1/Sprites
  artifactKey: Guid(ec12f709c88274c259940cede0a9398f) Importer(815301076,1909f56bfc062723c751e8b465ee728b)
Start importing Assets/TheGame/Level1_NFTtrend/Step1/Sprites using Guid(ec12f709c88274c259940cede0a9398f) Importer(815301076,1909f56bfc062723c751e8b465ee728b)  -> (artifact id: '2416f0208dc4b0d2a282f5b533dbed3e') in 0.001699 seconds 
========================================================================
Received Import Request.
  Time since last request: 0.925827 seconds.
  path: Assets/TheGame/Level1_NFTtrend/Step1/ImageAnimation.cs
  artifactKey: Guid(73746f10bf462480dafb4a4e355ba1ab) Importer(815301076,1909f56bfc062723c751e8b465ee728b)
Start importing Assets/TheGame/Level1_NFTtrend/Step1/ImageAnimation.cs using Guid(73746f10bf462480dafb4a4e355ba1ab) Importer(815301076,1909f56bfc062723c751e8b465ee728b)  -> (artifact id: '6de09a60393538a7dfb4d114dc200564') in 0.002515 seconds 
========================================================================
Received Import Request.
  Time since last request: 1.724729 seconds.
  path: Assets/TheGame/Level1_NFTtrend/Step1/Sprites/1 Dollar.png
  artifactKey: Guid(67256930bacb94b718dd531ee7739fcb) Importer(815301076,1909f56bfc062723c751e8b465ee728b)
Start importing Assets/TheGame/Level1_NFTtrend/Step1/Sprites/1 Dollar.png using Guid(67256930bacb94b718dd531ee7739fcb) Importer(815301076,1909f56bfc062723c751e8b465ee728b)  -> (artifact id: 'e36bec80b4ff0aafd08c79945b2071b0') in 0.064979 seconds 
========================================================================
Received Import Request.
  Time since last request: 0.000098 seconds.
  path: Assets/TheGame/Level1_NFTtrend/Step1/Sprites/Satoshi Nakamoto.png
  artifactKey: Guid(1f8ace5c0b8a54c61abbff865f57e780) Importer(815301076,1909f56bfc062723c751e8b465ee728b)
Start importing Assets/TheGame/Level1_NFTtrend/Step1/Sprites/Satoshi Nakamoto.png using Guid(1f8ace5c0b8a54c61abbff865f57e780) Importer(815301076,1909f56bfc062723c751e8b465ee728b)  -> (artifact id: '465244d7e42067a7fca3eb4b8f70c12b') in 0.040933 seconds 
========================================================================
Received Import Request.
  Time since last request: 0.000262 seconds.
  path: Assets/TheGame/Level1_NFTtrend/Step1/Sprites/Musk 1.png
  artifactKey: Guid(706c5d167e39c44f89c1a35b788da7c1) Importer(815301076,1909f56bfc062723c751e8b465ee728b)
Start importing Assets/TheGame/Level1_NFTtrend/Step1/Sprites/Musk 1.png using Guid(706c5d167e39c44f89c1a35b788da7c1) Importer(815301076,1909f56bfc062723c751e8b465ee728b)  -> (artifact id: '6d113b08a3bd66c0a964a17c9fe87737') in 0.048889 seconds 
========================================================================
Received Import Request.
  Time since last request: 0.000096 seconds.
  path: Assets/TheGame/Level1_NFTtrend/Step1/Sprites/Musk 3.png
  artifactKey: Guid(1cc1aa168d3b441c989526a2ba87dbd9) Importer(815301076,1909f56bfc062723c751e8b465ee728b)
Start importing Assets/TheGame/Level1_NFTtrend/Step1/Sprites/Musk 3.png using Guid(1cc1aa168d3b441c989526a2ba87dbd9) Importer(815301076,1909f56bfc062723c751e8b465ee728b)  -> (artifact id: '7733df89e66a4207f846101cb98d10e5') in 0.022030 seconds 
========================================================================
Received Import Request.
  Time since last request: 204.476830 seconds.
  path: Assets/TheGame/Level1_NFTtrend/Step1/ImageAnimation.cs
  artifactKey: Guid(73746f10bf462480dafb4a4e355ba1ab) Importer(815301076,1909f56bfc062723c751e8b465ee728b)
Start importing Assets/TheGame/Level1_NFTtrend/Step1/ImageAnimation.cs using Guid(73746f10bf462480dafb4a4e355ba1ab) Importer(815301076,1909f56bfc062723c751e8b465ee728b)  -> (artifact id: '1a3928dd3b38fd39d67159fe317906b9') in 0.011377 seconds 
========================================================================
Received Import Request.
  Time since last request: 11.039377 seconds.
  path: Assets/TheGame/Level1_NFTtrend/Step1 - Difficulty/BudgetText.cs
  artifactKey: Guid(aa6149b2369a4438f824269c8bac6180) Importer(815301076,1909f56bfc062723c751e8b465ee728b)
Start importing Assets/TheGame/Level1_NFTtrend/Step1 - Difficulty/BudgetText.cs using Guid(aa6149b2369a4438f824269c8bac6180) Importer(815301076,1909f56bfc062723c751e8b465ee728b)  -> (artifact id: '24ff197d4f649b18f02939a0558b4693') in 0.002551 seconds 
========================================================================
Received Import Request.
  Time since last request: 47.723726 seconds.
  path: Assets/TheGame/Level1_NFTtrend/Step1 - Difficulty/BudgetText.cs
  artifactKey: Guid(aa6149b2369a4438f824269c8bac6180) Importer(815301076,1909f56bfc062723c751e8b465ee728b)
Start importing Assets/TheGame/Level1_NFTtrend/Step1 - Difficulty/BudgetText.cs using Guid(aa6149b2369a4438f824269c8bac6180) Importer(815301076,1909f56bfc062723c751e8b465ee728b)  -> (artifact id: 'f27b151c4bd8ba8d406bc060b8f1f01f') in 0.002426 seconds 
========================================================================
Received Import Request.
  Time since last request: 3.154893 seconds.
  path: Assets/TheGame/Level1_NFTtrend/Step1 - Difficulty/SetUpBudget.cs
  artifactKey: Guid(3a76a15ff987842dda0dd650da62d771) Importer(815301076,1909f56bfc062723c751e8b465ee728b)
Start importing Assets/TheGame/Level1_NFTtrend/Step1 - Difficulty/SetUpBudget.cs using Guid(3a76a15ff987842dda0dd650da62d771) Importer(815301076,1909f56bfc062723c751e8b465ee728b)  -> (artifact id: '62882cf8bb8496c2ea136f3e7bae0cc7') in 0.002625 seconds 
========================================================================
Received Import Request.
  Time since last request: 64.611430 seconds.
  path: Assets/TheGame/Level1_NFTtrend/Step1 - Difficulty/SetUpBudgetAnimation.cs
  artifactKey: Guid(6b117fee7e1f04418a51d65b2b63914c) Importer(815301076,1909f56bfc062723c751e8b465ee728b)
Start importing Assets/TheGame/Level1_NFTtrend/Step1 - Difficulty/SetUpBudgetAnimation.cs using Guid(6b117fee7e1f04418a51d65b2b63914c) Importer(815301076,1909f56bfc062723c751e8b465ee728b)  -> (artifact id: '4472ab78fdfdb3e119e4d47d65d23c64') in 0.002250 seconds 
========================================================================
Received Import Request.
  Time since last request: 58.060696 seconds.
  path: Assets/TheGame/Level1_NFTtrend/Step1 - Difficulty/SetUpBudgetAnimation.cs
  artifactKey: Guid(6b117fee7e1f04418a51d65b2b63914c) Importer(815301076,1909f56bfc062723c751e8b465ee728b)
Start importing Assets/TheGame/Level1_NFTtrend/Step1 - Difficulty/SetUpBudgetAnimation.cs using Guid(6b117fee7e1f04418a51d65b2b63914c) Importer(815301076,1909f56bfc062723c751e8b465ee728b)  -> (artifact id: '5df93ed30d0f183ee7d24ec5ce174d68') in 0.002132 seconds 
========================================================================
Received Import Request.
  Time since last request: 147.108203 seconds.
  path: Assets/TheGame/Level1_NFTtrend/Step2/1. General/1814111_image_photograph_picture_icon.png
  artifactKey: Guid(6ff8756b13d3a40f596d4504385587f2) Importer(815301076,1909f56bfc062723c751e8b465ee728b)
Start importing Assets/TheGame/Level1_NFTtrend/Step2/1. General/1814111_image_photograph_picture_icon.png using Guid(6ff8756b13d3a40f596d4504385587f2) Importer(815301076,1909f56bfc062723c751e8b465ee728b)  -> (artifact id: '6c4b1a79726bc839415439ab32a62f1c') in 0.101008 seconds 
========================================================================
Received Import Request.
  Time since last request: 27.963057 seconds.
  path: Assets/TheGame/Level1_NFTtrend/Step2/1. General/EnterPriceManually.cs
  artifactKey: Guid(587e0810d14f74d35aa2222673be8b58) Importer(815301076,1909f56bfc062723c751e8b465ee728b)
Start importing Assets/TheGame/Level1_NFTtrend/Step2/1. General/EnterPriceManually.cs using Guid(587e0810d14f74d35aa2222673be8b58) Importer(815301076,1909f56bfc062723c751e8b465ee728b)  -> (artifact id: '254374d3cd4c1e79c2a604751b67c1c1') in 0.007824 seconds 
========================================================================
Received Import Request.
  Time since last request: 65.936889 seconds.
  path: Assets/TheGame/Level1_NFTtrend/Step2/1. General/EnterPriceManually.cs
  artifactKey: Guid(587e0810d14f74d35aa2222673be8b58) Importer(815301076,1909f56bfc062723c751e8b465ee728b)
Start importing Assets/TheGame/Level1_NFTtrend/Step2/1. General/EnterPriceManually.cs using Guid(587e0810d14f74d35aa2222673be8b58) Importer(815301076,1909f56bfc062723c751e8b465ee728b)  -> (artifact id: '35ce544493eaa00f14e1c22e1761daae') in 0.005492 seconds 
========================================================================
Received Import Request.
  Time since last request: 47.275545 seconds.
  path: Assets/TheGame/Level1_NFTtrend/Step2/1. General/EnterPriceManually.cs
  artifactKey: Guid(587e0810d14f74d35aa2222673be8b58) Importer(815301076,1909f56bfc062723c751e8b465ee728b)
Start importing Assets/TheGame/Level1_NFTtrend/Step2/1. General/EnterPriceManually.cs using Guid(587e0810d14f74d35aa2222673be8b58) Importer(815301076,1909f56bfc062723c751e8b465ee728b)  -> (artifact id: '7364ddc704e54e43836dc74b86790880') in 0.002277 seconds 
========================================================================
Received Import Request.
  Time since last request: 3.462609 seconds.
  path: Assets/TheGame/Level1_NFTtrend/Step2/1. General/ReadCryptoData.cs
  artifactKey: Guid(c4e61372dba92498ea45fdbc562f9c2a) Importer(815301076,1909f56bfc062723c751e8b465ee728b)
Start importing Assets/TheGame/Level1_NFTtrend/Step2/1. General/ReadCryptoData.cs using Guid(c4e61372dba92498ea45fdbc562f9c2a) Importer(815301076,1909f56bfc062723c751e8b465ee728b)  -> (artifact id: '97a5a48b3a1766e0fc22f353ad217add') in 0.003635 seconds 
========================================================================
Received Import Request.
  Time since last request: 72.717776 seconds.
  path: Assets/TheGame/Level1_NFTtrend/Step2/1. General/ReadCryptoData.cs
  artifactKey: Guid(c4e61372dba92498ea45fdbc562f9c2a) Importer(815301076,1909f56bfc062723c751e8b465ee728b)
Start importing Assets/TheGame/Level1_NFTtrend/Step2/1. General/ReadCryptoData.cs using Guid(c4e61372dba92498ea45fdbc562f9c2a) Importer(815301076,1909f56bfc062723c751e8b465ee728b)  -> (artifact id: '1f85d81069b39e90c290fb6e807b371a') in 0.013884 seconds 
========================================================================
Received Import Request.
  Time since last request: 0.091846 seconds.
  path: Assets/TheGame/Level1_NFTtrend/Step2/1. General/SetGeneralNFTData.cs
  artifactKey: Guid(77557815db84f4be796ebbe21e336d7a) Importer(815301076,1909f56bfc062723c751e8b465ee728b)
Start importing Assets/TheGame/Level1_NFTtrend/Step2/1. General/SetGeneralNFTData.cs using Guid(77557815db84f4be796ebbe21e336d7a) Importer(815301076,1909f56bfc062723c751e8b465ee728b)  -> (artifact id: '1711ebf74f649a0257dd621fb52040d6') in 0.003488 seconds 
========================================================================
Received Import Request.
  Time since last request: 63.513603 seconds.
  path: Assets/TheGame/Level1_NFTtrend/Step2/1. General/SetGeneralNFTData.cs
  artifactKey: Guid(77557815db84f4be796ebbe21e336d7a) Importer(815301076,1909f56bfc062723c751e8b465ee728b)
Start importing Assets/TheGame/Level1_NFTtrend/Step2/1. General/SetGeneralNFTData.cs using Guid(77557815db84f4be796ebbe21e336d7a) Importer(815301076,1909f56bfc062723c751e8b465ee728b)  -> (artifact id: 'dfe835b8975d98fdadded1cc9bbd835b') in 0.004845 seconds 
========================================================================
Received Import Request.
  Time since last request: 2.153612 seconds.
  path: Assets/TheGame/Level1_NFTtrend/Step2/1. General/WLChanges.cs
  artifactKey: Guid(3f502419db77046a4a7b1023212070bc) Importer(815301076,1909f56bfc062723c751e8b465ee728b)
Start importing Assets/TheGame/Level1_NFTtrend/Step2/1. General/WLChanges.cs using Guid(3f502419db77046a4a7b1023212070bc) Importer(815301076,1909f56bfc062723c751e8b465ee728b)  -> (artifact id: 'f6cbe08c7f0686f98d84cfcd8ca29d7a') in 0.002602 seconds 
========================================================================
Received Import Request.
  Time since last request: 50.835958 seconds.
  path: Assets/TheGame/Level1_NFTtrend/Step2/1. General/WLChanges.cs
  artifactKey: Guid(3f502419db77046a4a7b1023212070bc) Importer(815301076,1909f56bfc062723c751e8b465ee728b)
Start importing Assets/TheGame/Level1_NFTtrend/Step2/1. General/WLChanges.cs using Guid(3f502419db77046a4a7b1023212070bc) Importer(815301076,1909f56bfc062723c751e8b465ee728b)  -> (artifact id: 'f079a1e23c842bc63991044262136970') in 0.003368 seconds 
========================================================================
Received Import Request.
  Time since last request: 51.882925 seconds.
  path: Assets/TheGame/Level1_NFTtrend/Step2/1. GeneralSetUP/Blockchain/BlockchainDropDown.cs
  artifactKey: Guid(ad008bd48bc8c4f0cb8842f173bc2c07) Importer(815301076,1909f56bfc062723c751e8b465ee728b)
Start importing Assets/TheGame/Level1_NFTtrend/Step2/1. GeneralSetUP/Blockchain/BlockchainDropDown.cs using Guid(ad008bd48bc8c4f0cb8842f173bc2c07) Importer(815301076,1909f56bfc062723c751e8b465ee728b)  -> (artifact id: 'd158c84d294f0fcd7113d078fa03221c') in 0.003892 seconds 
========================================================================
Received Import Request.
  Time since last request: 44.883495 seconds.
  path: Assets/TheGame/Level1_NFTtrend/Step2/1. GeneralSetUP/Blockchain/BlockchainDropDown.cs
  artifactKey: Guid(ad008bd48bc8c4f0cb8842f173bc2c07) Importer(815301076,1909f56bfc062723c751e8b465ee728b)
Start importing Assets/TheGame/Level1_NFTtrend/Step2/1. GeneralSetUP/Blockchain/BlockchainDropDown.cs using Guid(ad008bd48bc8c4f0cb8842f173bc2c07) Importer(815301076,1909f56bfc062723c751e8b465ee728b)  -> (artifact id: 'c9e13ed107d3f9e1277c0881540d32bc') in 0.004925 seconds 
========================================================================
Received Import Request.
  Time since last request: 0.857354 seconds.
  path: Assets/TheGame/Level1_NFTtrend/Step2/1. GeneralSetUP/Blockchain/SetBlockchain.cs
  artifactKey: Guid(bb585c85fe6d14229a827035e038492c) Importer(815301076,1909f56bfc062723c751e8b465ee728b)
Start importing Assets/TheGame/Level1_NFTtrend/Step2/1. GeneralSetUP/Blockchain/SetBlockchain.cs using Guid(bb585c85fe6d14229a827035e038492c) Importer(815301076,1909f56bfc062723c751e8b465ee728b)  -> (artifact id: 'aaee2793940d7fad16db167c9a62ccc1') in 0.004052 seconds 
========================================================================
Received Import Request.
  Time since last request: 42.779132 seconds.
  path: Assets/TheGame/Level1_NFTtrend/Step2/1. GeneralSetUP/Blockchain/SetBlockchain.cs
  artifactKey: Guid(bb585c85fe6d14229a827035e038492c) Importer(815301076,1909f56bfc062723c751e8b465ee728b)
Start importing Assets/TheGame/Level1_NFTtrend/Step2/1. GeneralSetUP/Blockchain/SetBlockchain.cs using Guid(bb585c85fe6d14229a827035e038492c) Importer(815301076,1909f56bfc062723c751e8b465ee728b)  -> (artifact id: 'c89dface2900f7eaad87186428fbb3d1') in 0.005321 seconds 
========================================================================
Received Import Request.
  Time since last request: 11.021253 seconds.
  path: Assets/TheGame/Level1_NFTtrend/Step2/1. GeneralSetUP/FieldsErrors/InputAndHeaderError.cs
  artifactKey: Guid(9ea1883d140b94c2aa1afb8a4873e338) Importer(815301076,1909f56bfc062723c751e8b465ee728b)
Start importing Assets/TheGame/Level1_NFTtrend/Step2/1. GeneralSetUP/FieldsErrors/InputAndHeaderError.cs using Guid(9ea1883d140b94c2aa1afb8a4873e338) Importer(815301076,1909f56bfc062723c751e8b465ee728b)  -> (artifact id: 'cdddc2806e05d32a2404f14a96dbede0') in 0.003434 seconds 
========================================================================
Received Import Request.
  Time since last request: 65.711278 seconds.
  path: Assets/TheGame/Level1_NFTtrend/Step2/1. GeneralSetUP/FieldsErrors/InputAndHeaderError.cs
  artifactKey: Guid(9ea1883d140b94c2aa1afb8a4873e338) Importer(815301076,1909f56bfc062723c751e8b465ee728b)
Start importing Assets/TheGame/Level1_NFTtrend/Step2/1. GeneralSetUP/FieldsErrors/InputAndHeaderError.cs using Guid(9ea1883d140b94c2aa1afb8a4873e338) Importer(815301076,1909f56bfc062723c751e8b465ee728b)  -> (artifact id: '518c79035f7384cacdb6445956a88381') in 0.003125 seconds 
========================================================================
Received Import Request.
  Time since last request: 9.459653 seconds.
  path: Assets/TheGame/Level1_NFTtrend/Step2/1. GeneralSetUP/FieldsErrors/InputFieldError.cs
  artifactKey: Guid(6e7b1a6ab08234afa8ab8dae0618e23e) Importer(815301076,1909f56bfc062723c751e8b465ee728b)
Start importing Assets/TheGame/Level1_NFTtrend/Step2/1. GeneralSetUP/FieldsErrors/InputFieldError.cs using Guid(6e7b1a6ab08234afa8ab8dae0618e23e) Importer(815301076,1909f56bfc062723c751e8b465ee728b)  -> (artifact id: '5a96a89a157985c2375bb3971fcc7072') in 0.004273 seconds 
========================================================================
Received Import Request.
  Time since last request: 24.644520 seconds.
  path: Assets/TheGame/Level1_NFTtrend/Step2/1. GeneralSetUP/FieldsErrors/InputFieldError.cs
  artifactKey: Guid(6e7b1a6ab08234afa8ab8dae0618e23e) Importer(815301076,1909f56bfc062723c751e8b465ee728b)
Start importing Assets/TheGame/Level1_NFTtrend/Step2/1. GeneralSetUP/FieldsErrors/InputFieldError.cs using Guid(6e7b1a6ab08234afa8ab8dae0618e23e) Importer(815301076,1909f56bfc062723c751e8b465ee728b)  -> (artifact id: '9da08aa4d18242bdd4bac4c6228daf23') in 0.003040 seconds 
========================================================================
Received Import Request.
  Time since last request: 5.778827 seconds.
  path: Assets/TheGame/Level1_NFTtrend/Step2/1. GeneralSetUP/Price/AddPreSaleAnimation.cs
  artifactKey: Guid(f828915b301424ff287d55c5b919f3b7) Importer(815301076,1909f56bfc062723c751e8b465ee728b)
Start importing Assets/TheGame/Level1_NFTtrend/Step2/1. GeneralSetUP/Price/AddPreSaleAnimation.cs using Guid(f828915b301424ff287d55c5b919f3b7) Importer(815301076,1909f56bfc062723c751e8b465ee728b)  -> (artifact id: '70f5d65a8222112bc1f5335278ca200b') in 0.009708 seconds 
========================================================================
Received Import Request.
  Time since last request: 23.074431 seconds.
  path: Assets/TheGame/Level1_NFTtrend/Step2/1. GeneralSetUP/Price/AddPreSaleAnimation.cs
  artifactKey: Guid(f828915b301424ff287d55c5b919f3b7) Importer(815301076,1909f56bfc062723c751e8b465ee728b)
Start importing Assets/TheGame/Level1_NFTtrend/Step2/1. GeneralSetUP/Price/AddPreSaleAnimation.cs using Guid(f828915b301424ff287d55c5b919f3b7) Importer(815301076,1909f56bfc062723c751e8b465ee728b)  -> (artifact id: '9a701b1fe813c19054d37491fd71baca') in 0.002163 seconds 
========================================================================
Received Import Request.
  Time since last request: 27.893320 seconds.
  path: Assets/TheGame/Level1_NFTtrend/Step2/1. GeneralSetUP/Price/AddPreSaleAnimation.cs
  artifactKey: Guid(f828915b301424ff287d55c5b919f3b7) Importer(815301076,1909f56bfc062723c751e8b465ee728b)
Start importing Assets/TheGame/Level1_NFTtrend/Step2/1. GeneralSetUP/Price/AddPreSaleAnimation.cs using Guid(f828915b301424ff287d55c5b919f3b7) Importer(815301076,1909f56bfc062723c751e8b465ee728b)  -> (artifact id: '7ed1ac439caf49b49e0acdce8e6b9129') in 0.001899 seconds 
========================================================================
Received Import Request.
  Time since last request: 10.241069 seconds.
  path: Assets/TheGame/Level1_NFTtrend/Step2/1. GeneralSetUP/Price/ConvertCurrency.cs
  artifactKey: Guid(406d3d3eb7c054f9abd4c4db7a0f6b93) Importer(815301076,1909f56bfc062723c751e8b465ee728b)
Start importing Assets/TheGame/Level1_NFTtrend/Step2/1. GeneralSetUP/Price/ConvertCurrency.cs using Guid(406d3d3eb7c054f9abd4c4db7a0f6b93) Importer(815301076,1909f56bfc062723c751e8b465ee728b)  -> (artifact id: '3c5b2ad1d8d07d105bcd009d3de7f294') in 0.002736 seconds 
========================================================================
Received Import Request.
  Time since last request: 44.851534 seconds.
  path: Assets/TheGame/Level1_NFTtrend/Step2/1. GeneralSetUP/Price/ConvertCurrency.cs
  artifactKey: Guid(406d3d3eb7c054f9abd4c4db7a0f6b93) Importer(815301076,1909f56bfc062723c751e8b465ee728b)
Start importing Assets/TheGame/Level1_NFTtrend/Step2/1. GeneralSetUP/Price/ConvertCurrency.cs using Guid(406d3d3eb7c054f9abd4c4db7a0f6b93) Importer(815301076,1909f56bfc062723c751e8b465ee728b)  -> (artifact id: '3f7a56962137a66e7a59f6e4d245352c') in 0.002110 seconds 
========================================================================
Received Import Request.
  Time since last request: 2.726539 seconds.
  path: Assets/TheGame/Level1_NFTtrend/Step2/1. GeneralSetUP/Price/FreeMint.cs
  artifactKey: Guid(4f7c3412a9af64727bb8f5287b045608) Importer(815301076,1909f56bfc062723c751e8b465ee728b)
Start importing Assets/TheGame/Level1_NFTtrend/Step2/1. GeneralSetUP/Price/FreeMint.cs using Guid(4f7c3412a9af64727bb8f5287b045608) Importer(815301076,1909f56bfc062723c751e8b465ee728b)  -> (artifact id: '3bab835227b5fa4c1fd0946a5e0510bf') in 0.002833 seconds 
========================================================================
Received Import Request.
  Time since last request: 60.067275 seconds.
  path: Assets/TheGame/Level1_NFTtrend/Step2/1. GeneralSetUP/Price/FreeMint.cs
  artifactKey: Guid(4f7c3412a9af64727bb8f5287b045608) Importer(815301076,1909f56bfc062723c751e8b465ee728b)
Start importing Assets/TheGame/Level1_NFTtrend/Step2/1. GeneralSetUP/Price/FreeMint.cs using Guid(4f7c3412a9af64727bb8f5287b045608) Importer(815301076,1909f56bfc062723c751e8b465ee728b)  -> (artifact id: '48340f468f3c2ab4c9f172c2e9463355') in 0.001914 seconds 
========================================================================
Received Import Request.
  Time since last request: 4.951804 seconds.
  path: Assets/TheGame/Level1_NFTtrend/Step2/2. Description/SetDescriptionlNFTData.cs
  artifactKey: Guid(d3bc6208e6fa14bc3b16923695520e38) Importer(815301076,1909f56bfc062723c751e8b465ee728b)
Start importing Assets/TheGame/Level1_NFTtrend/Step2/2. Description/SetDescriptionlNFTData.cs using Guid(d3bc6208e6fa14bc3b16923695520e38) Importer(815301076,1909f56bfc062723c751e8b465ee728b)  -> (artifact id: '3404c43b4e5be1aa81edd67c3e7fb1e3') in 0.003670 seconds 
========================================================================
Received Import Request.
  Time since last request: 76.175562 seconds.
  path: Assets/TheGame/Level1_NFTtrend/Step2/2. Description/SetDescriptionlNFTData.cs
  artifactKey: Guid(d3bc6208e6fa14bc3b16923695520e38) Importer(815301076,1909f56bfc062723c751e8b465ee728b)
Start importing Assets/TheGame/Level1_NFTtrend/Step2/2. Description/SetDescriptionlNFTData.cs using Guid(d3bc6208e6fa14bc3b16923695520e38) Importer(815301076,1909f56bfc062723c751e8b465ee728b)  -> (artifact id: '57a740b8195e38963d25b279601524d0') in 0.016284 seconds 
========================================================================
Received Import Request.
  Time since last request: 5.847944 seconds.
  path: Assets/TheGame/Level1_NFTtrend/Step2/2. Description/UtilityDescription.cs
  artifactKey: Guid(423c707de3ca5426a960100d2dd3e517) Importer(815301076,1909f56bfc062723c751e8b465ee728b)
Start importing Assets/TheGame/Level1_NFTtrend/Step2/2. Description/UtilityDescription.cs using Guid(423c707de3ca5426a960100d2dd3e517) Importer(815301076,1909f56bfc062723c751e8b465ee728b)  -> (artifact id: 'c9eade52b605208a3ac391ca0d3c7e10') in 0.003807 seconds 
========================================================================
Received Import Request.
  Time since last request: 24.830724 seconds.
  path: Assets/TheGame/Level1_NFTtrend/Step2/2. Description/UtilityDescription.cs
  artifactKey: Guid(423c707de3ca5426a960100d2dd3e517) Importer(815301076,1909f56bfc062723c751e8b465ee728b)
Start importing Assets/TheGame/Level1_NFTtrend/Step2/2. Description/UtilityDescription.cs using Guid(423c707de3ca5426a960100d2dd3e517) Importer(815301076,1909f56bfc062723c751e8b465ee728b)  -> (artifact id: '1ea81c24b1bc03ccc10d5b9795438c50') in 0.010040 seconds 
========================================================================
Received Import Request.
  Time since last request: 18.368255 seconds.
  path: Assets/TheGame/Level1_NFTtrend/Step2/3. Minting/CloseButton.cs
  artifactKey: Guid(71ac1a390cac144eb9b7c69cc2fa6d6a) Importer(815301076,1909f56bfc062723c751e8b465ee728b)
Start importing Assets/TheGame/Level1_NFTtrend/Step2/3. Minting/CloseButton.cs using Guid(71ac1a390cac144eb9b7c69cc2fa6d6a) Importer(815301076,1909f56bfc062723c751e8b465ee728b)  -> (artifact id: '9398ee290433d41ebb478df1dc77e216') in 0.004653 seconds 
========================================================================
Received Import Request.
  Time since last request: 39.987899 seconds.
  path: Assets/TheGame/Level1_NFTtrend/Step2/3. Minting/CloseButton.cs
  artifactKey: Guid(71ac1a390cac144eb9b7c69cc2fa6d6a) Importer(815301076,1909f56bfc062723c751e8b465ee728b)
Start importing Assets/TheGame/Level1_NFTtrend/Step2/3. Minting/CloseButton.cs using Guid(71ac1a390cac144eb9b7c69cc2fa6d6a) Importer(815301076,1909f56bfc062723c751e8b465ee728b)  -> (artifact id: '08d2c09798ccab79ff3de34e57eb6a29') in 0.002175 seconds 
========================================================================
Received Import Request.
  Time since last request: 4.400794 seconds.
  path: Assets/TheGame/Level1_NFTtrend/Step2/3. Minting/LoadPrice.cs
  artifactKey: Guid(954697343eca746638bc67e0988f32a4) Importer(815301076,1909f56bfc062723c751e8b465ee728b)
Start importing Assets/TheGame/Level1_NFTtrend/Step2/3. Minting/LoadPrice.cs using Guid(954697343eca746638bc67e0988f32a4) Importer(815301076,1909f56bfc062723c751e8b465ee728b)  -> (artifact id: 'df68cab66353819e67d2e8ee385a270e') in 0.004184 seconds 
========================================================================
Received Import Request.
  Time since last request: 41.814425 seconds.
  path: Assets/TheGame/Level1_NFTtrend/Step2/3. Minting/LoadPrice.cs
  artifactKey: Guid(954697343eca746638bc67e0988f32a4) Importer(815301076,1909f56bfc062723c751e8b465ee728b)
Start importing Assets/TheGame/Level1_NFTtrend/Step2/3. Minting/LoadPrice.cs using Guid(954697343eca746638bc67e0988f32a4) Importer(815301076,1909f56bfc062723c751e8b465ee728b)  -> (artifact id: '30706e28490e76fb509fc827718a2f53') in 0.004432 seconds 
========================================================================
Received Import Request.
  Time since last request: 6.275522 seconds.
  path: Assets/TheGame/Level1_NFTtrend/Step2/3. Minting/MilestonePercentValue.cs
  artifactKey: Guid(8666a6e2335d44e1c877cc512347abbf) Importer(815301076,1909f56bfc062723c751e8b465ee728b)
Start importing Assets/TheGame/Level1_NFTtrend/Step2/3. Minting/MilestonePercentValue.cs using Guid(8666a6e2335d44e1c877cc512347abbf) Importer(815301076,1909f56bfc062723c751e8b465ee728b)  -> (artifact id: '3a8e786b5539b1f9fa3a75db9d61f3bb') in 0.003306 seconds 
========================================================================
Received Import Request.
  Time since last request: 75.989883 seconds.
  path: Assets/TheGame/Level1_NFTtrend/Step2/3. Minting/MilestonePercentValue.cs
  artifactKey: Guid(8666a6e2335d44e1c877cc512347abbf) Importer(815301076,1909f56bfc062723c751e8b465ee728b)
Start importing Assets/TheGame/Level1_NFTtrend/Step2/3. Minting/MilestonePercentValue.cs using Guid(8666a6e2335d44e1c877cc512347abbf) Importer(815301076,1909f56bfc062723c751e8b465ee728b)  -> (artifact id: '563da7a9d60dccb70549a9f2befcb48c') in 0.001970 seconds 
========================================================================
Received Import Request.
  Time since last request: 6.910675 seconds.
  path: Assets/TheGame/Level1_NFTtrend/Step2/3. Minting/MintingMilestone/GetNFTsAmount.cs
  artifactKey: Guid(8bb9e3f31876441a9be5dd8b8f74963b) Importer(815301076,1909f56bfc062723c751e8b465ee728b)
Start importing Assets/TheGame/Level1_NFTtrend/Step2/3. Minting/MintingMilestone/GetNFTsAmount.cs using Guid(8bb9e3f31876441a9be5dd8b8f74963b) Importer(815301076,1909f56bfc062723c751e8b465ee728b)  -> (artifact id: '67928271afb8a616f8028915e6c54294') in 0.003277 seconds 
========================================================================
Received Import Request.
  Time since last request: 44.976755 seconds.
  path: Assets/TheGame/Level1_NFTtrend/Step2/3. Minting/MintingMilestone/GetNFTsAmount.cs
  artifactKey: Guid(8bb9e3f31876441a9be5dd8b8f74963b) Importer(815301076,1909f56bfc062723c751e8b465ee728b)
Start importing Assets/TheGame/Level1_NFTtrend/Step2/3. Minting/MintingMilestone/GetNFTsAmount.cs using Guid(8bb9e3f31876441a9be5dd8b8f74963b) Importer(815301076,1909f56bfc062723c751e8b465ee728b)  -> (artifact id: 'bc9fde8dc203520351f1c6aa1db55879') in 0.002281 seconds 
========================================================================
Received Import Request.
  Time since last request: 8.992476 seconds.
  path: Assets/TheGame/Level1_NFTtrend/Step2/3. Minting/MintingMilestone/PieChart.cs
  artifactKey: Guid(229a2cfc8e20e48c9a52638c0266fe88) Importer(815301076,1909f56bfc062723c751e8b465ee728b)
Start importing Assets/TheGame/Level1_NFTtrend/Step2/3. Minting/MintingMilestone/PieChart.cs using Guid(229a2cfc8e20e48c9a52638c0266fe88) Importer(815301076,1909f56bfc062723c751e8b465ee728b)  -> (artifact id: '2e3481f4d5a17754cf4c368d484e89d1') in 0.003915 seconds 
========================================================================
Received Import Request.
  Time since last request: 42.658433 seconds.
  path: Assets/TheGame/Level1_NFTtrend/Step2/3. Minting/MintingMilestone/PieChart.cs
  artifactKey: Guid(229a2cfc8e20e48c9a52638c0266fe88) Importer(815301076,1909f56bfc062723c751e8b465ee728b)
Start importing Assets/TheGame/Level1_NFTtrend/Step2/3. Minting/MintingMilestone/PieChart.cs using Guid(229a2cfc8e20e48c9a52638c0266fe88) Importer(815301076,1909f56bfc062723c751e8b465ee728b)  -> (artifact id: 'a2369d815e5798e376a8b3e28901dae9') in 0.002957 seconds 
========================================================================
Received Import Request.
  Time since last request: 4.566317 seconds.
  path: Assets/TheGame/Level1_NFTtrend/Step2/3. Minting/MintingMilestone/WLPriceWarning.cs
  artifactKey: Guid(0507145e7f9124bbd9d9b5daea82007c) Importer(815301076,1909f56bfc062723c751e8b465ee728b)
Start importing Assets/TheGame/Level1_NFTtrend/Step2/3. Minting/MintingMilestone/WLPriceWarning.cs using Guid(0507145e7f9124bbd9d9b5daea82007c) Importer(815301076,1909f56bfc062723c751e8b465ee728b)  -> (artifact id: '8f2dfdf419fd8bb9365346c526e0a80d') in 0.004433 seconds 
========================================================================
Received Import Request.
  Time since last request: 55.968266 seconds.
  path: Assets/TheGame/Level1_NFTtrend/Step2/3. Minting/MintingMilestone/WLPriceWarning.cs
  artifactKey: Guid(0507145e7f9124bbd9d9b5daea82007c) Importer(815301076,1909f56bfc062723c751e8b465ee728b)
Start importing Assets/TheGame/Level1_NFTtrend/Step2/3. Minting/MintingMilestone/WLPriceWarning.cs using Guid(0507145e7f9124bbd9d9b5daea82007c) Importer(815301076,1909f56bfc062723c751e8b465ee728b)  -> (artifact id: '57d65921a7d5b4ad2f6a373bab282bc8') in 0.002249 seconds 
========================================================================
Received Import Request.
  Time since last request: 8.114969 seconds.
  path: Assets/TheGame/Level1_NFTtrend/Step2/3. Minting/MintingMilestone/--Public&WL/MintPrice.cs
  artifactKey: Guid(1a1095990cc1445af86022df59b57e3e) Importer(815301076,1909f56bfc062723c751e8b465ee728b)
Start importing Assets/TheGame/Level1_NFTtrend/Step2/3. Minting/MintingMilestone/--Public&WL/MintPrice.cs using Guid(1a1095990cc1445af86022df59b57e3e) Importer(815301076,1909f56bfc062723c751e8b465ee728b)  -> (artifact id: '69216facfae7f56e12ad6b2755709c2d') in 0.003414 seconds 
========================================================================
Received Import Request.
  Time since last request: 67.021246 seconds.
  path: Assets/TheGame/Level1_NFTtrend/Step2/3. Minting/MintingMilestone/WL_ConditionsGroup/SetWLCondition.cs
  artifactKey: Guid(48daae5ca595543169c1533f8f9aecd3) Importer(815301076,1909f56bfc062723c751e8b465ee728b)
Start importing Assets/TheGame/Level1_NFTtrend/Step2/3. Minting/MintingMilestone/WL_ConditionsGroup/SetWLCondition.cs using Guid(48daae5ca595543169c1533f8f9aecd3) Importer(815301076,1909f56bfc062723c751e8b465ee728b)  -> (artifact id: '14f997d79d3725c6aeb6482a7cc767e3') in 0.003010 seconds 
========================================================================
Received Import Request.
  Time since last request: 60.277880 seconds.
  path: Assets/TheGame/Level1_NFTtrend/Step2/3. Minting/MintingMilestone/WL_ConditionsGroup/SetWLCondition.cs
  artifactKey: Guid(48daae5ca595543169c1533f8f9aecd3) Importer(815301076,1909f56bfc062723c751e8b465ee728b)
Start importing Assets/TheGame/Level1_NFTtrend/Step2/3. Minting/MintingMilestone/WL_ConditionsGroup/SetWLCondition.cs using Guid(48daae5ca595543169c1533f8f9aecd3) Importer(815301076,1909f56bfc062723c751e8b465ee728b)  -> (artifact id: '3e862e00eded6b995b8d73482fa57faf') in 0.015586 seconds 
========================================================================
Received Import Request.
  Time since last request: 32.385831 seconds.
  path: Assets/TheGame/Level1_NFTtrend/Step2/4. Tech Planing/SelectDomain.cs
  artifactKey: Guid(8938bb808f4f64439b897506752bff94) Importer(815301076,1909f56bfc062723c751e8b465ee728b)
Start importing Assets/TheGame/Level1_NFTtrend/Step2/4. Tech Planing/SelectDomain.cs using Guid(8938bb808f4f64439b897506752bff94) Importer(815301076,1909f56bfc062723c751e8b465ee728b)  -> (artifact id: 'd0dad153923c9e23914282e6ea163e9d') in 0.003924 seconds 
========================================================================
Received Import Request.
  Time since last request: 21.756676 seconds.
  path: Assets/TheGame/Level1_NFTtrend/Step2/4. Tech Planing/SelectHosting.cs
  artifactKey: Guid(4dce8cb21f6d747ba8a306d9ea24c4dd) Importer(815301076,1909f56bfc062723c751e8b465ee728b)
Start importing Assets/TheGame/Level1_NFTtrend/Step2/4. Tech Planing/SelectHosting.cs using Guid(4dce8cb21f6d747ba8a306d9ea24c4dd) Importer(815301076,1909f56bfc062723c751e8b465ee728b)  -> (artifact id: '8eddcf65d70a7fc73e8aa3c0f5a1344b') in 0.003811 seconds 
========================================================================
Received Import Request.
  Time since last request: 60.873698 seconds.
  path: Assets/TheGame/Level1_NFTtrend/Step2/4. Tech Planing/SelectHosting.cs
  artifactKey: Guid(4dce8cb21f6d747ba8a306d9ea24c4dd) Importer(815301076,1909f56bfc062723c751e8b465ee728b)
Start importing Assets/TheGame/Level1_NFTtrend/Step2/4. Tech Planing/SelectHosting.cs using Guid(4dce8cb21f6d747ba8a306d9ea24c4dd) Importer(815301076,1909f56bfc062723c751e8b465ee728b)  -> (artifact id: '774b46ca3646595fbff14a49ce6d0f0e') in 0.002709 seconds 
========================================================================
Received Import Request.
  Time since last request: 4.612430 seconds.
  path: Assets/TheGame/Level1_NFTtrend/Step2/4. Tech Planing/SelectIPFS.cs
  artifactKey: Guid(ba60b7de1cb4e426593fd6e9c111bf5f) Importer(815301076,1909f56bfc062723c751e8b465ee728b)
Start importing Assets/TheGame/Level1_NFTtrend/Step2/4. Tech Planing/SelectIPFS.cs using Guid(ba60b7de1cb4e426593fd6e9c111bf5f) Importer(815301076,1909f56bfc062723c751e8b465ee728b)  -> (artifact id: 'b56423a96a7904d822c4a3601f78319e') in 0.003132 seconds 
========================================================================
Received Import Request.
  Time since last request: 107.686190 seconds.
  path: Assets/TheGame/Level1_NFTtrend/Step2/4. Tech Planing/SelectIPFS.cs
  artifactKey: Guid(ba60b7de1cb4e426593fd6e9c111bf5f) Importer(815301076,1909f56bfc062723c751e8b465ee728b)
Start importing Assets/TheGame/Level1_NFTtrend/Step2/4. Tech Planing/SelectIPFS.cs using Guid(ba60b7de1cb4e426593fd6e9c111bf5f) Importer(815301076,1909f56bfc062723c751e8b465ee728b)  -> (artifact id: '71d63f00f7cb687e4626ebaef7b7b618') in 0.002355 seconds 
========================================================================
Received Import Request.
  Time since last request: 12.823289 seconds.
  path: Assets/TheGame/Level1_NFTtrend/Step2/4. Tech Planing/SelectIPFS.cs
  artifactKey: Guid(ba60b7de1cb4e426593fd6e9c111bf5f) Importer(815301076,1909f56bfc062723c751e8b465ee728b)
Start importing Assets/TheGame/Level1_NFTtrend/Step2/4. Tech Planing/SelectIPFS.cs using Guid(ba60b7de1cb4e426593fd6e9c111bf5f) Importer(815301076,1909f56bfc062723c751e8b465ee728b)  -> (artifact id: '80a510879de5e39a759980be7b1ace28') in 0.002258 seconds 
========================================================================
Received Import Request.
  Time since last request: 4.221371 seconds.
  path: Assets/TheGame/Level1_NFTtrend/Step2/4. Tech Planing/SelectRCP.cs
  artifactKey: Guid(094732618329e45309e23cbd76aa9ddd) Importer(815301076,1909f56bfc062723c751e8b465ee728b)
Start importing Assets/TheGame/Level1_NFTtrend/Step2/4. Tech Planing/SelectRCP.cs using Guid(094732618329e45309e23cbd76aa9ddd) Importer(815301076,1909f56bfc062723c751e8b465ee728b)  -> (artifact id: '0423e9ff6c5ff39326551f20a6391bc3') in 0.003147 seconds 
========================================================================
Received Import Request.
  Time since last request: 21.779010 seconds.
  path: Assets/TheGame/Level1_NFTtrend/Step2/4. Tech Planing/SelectWebSite.cs
  artifactKey: Guid(dfcbac3067c2a4cd2adfa4ae62d0aec2) Importer(815301076,1909f56bfc062723c751e8b465ee728b)
Start importing Assets/TheGame/Level1_NFTtrend/Step2/4. Tech Planing/SelectWebSite.cs using Guid(dfcbac3067c2a4cd2adfa4ae62d0aec2) Importer(815301076,1909f56bfc062723c751e8b465ee728b)  -> (artifact id: '7eac6c21f0c429122c7481d8c42535c3') in 0.002645 seconds 
========================================================================
Received Import Request.
  Time since last request: 736.341317 seconds.
  path: Assets/TheGame/Level1_NFTtrend/Step2/4. Tech Planing/DomainGroup/ToggleName.cs
  artifactKey: Guid(a317e9382805c4c20a58590860083e07) Importer(815301076,1909f56bfc062723c751e8b465ee728b)
Start importing Assets/TheGame/Level1_NFTtrend/Step2/4. Tech Planing/DomainGroup/ToggleName.cs using Guid(a317e9382805c4c20a58590860083e07) Importer(815301076,1909f56bfc062723c751e8b465ee728b)  -> (artifact id: 'e3decd706ebcd239dad9317b60009ff3') in 0.018852 seconds 
========================================================================
Received Import Request.
  Time since last request: 26.417791 seconds.
  path: Assets/TheGame/Level1_NFTtrend/Step2/_Prefab/RequiredTimeCell.prefab
  artifactKey: Guid(068def4cfea644f7387430c8ae40d9a5) Importer(815301076,1909f56bfc062723c751e8b465ee728b)
Start importing Assets/TheGame/Level1_NFTtrend/Step2/_Prefab/RequiredTimeCell.prefab using Guid(068def4cfea644f7387430c8ae40d9a5) Importer(815301076,1909f56bfc062723c751e8b465ee728b)  -> (artifact id: 'b58dd54c1769c1c3d2d47e4e1466d619') in 1.888189 seconds 
========================================================================
Received Import Request.
  Time since last request: 56.399444 seconds.
  path: Assets/TheGame/Level1_NFTtrend/Step2/_Prefab/RequiredTimeClickHandler.cs
  artifactKey: Guid(d9f562f70dda047dca5f83baa8336e24) Importer(815301076,1909f56bfc062723c751e8b465ee728b)
Start importing Assets/TheGame/Level1_NFTtrend/Step2/_Prefab/RequiredTimeClickHandler.cs using Guid(d9f562f70dda047dca5f83baa8336e24) Importer(815301076,1909f56bfc062723c751e8b465ee728b)  -> (artifact id: 'ba78d2c50ffa590e59416295a1bccf45') in 0.004184 seconds 
========================================================================
Received Import Request.
  Time since last request: 30.160625 seconds.
  path: Assets/TheGame/Level1_NFTtrend/Step2/_Prefab/RequiredTimeClickHandler.cs
  artifactKey: Guid(d9f562f70dda047dca5f83baa8336e24) Importer(815301076,1909f56bfc062723c751e8b465ee728b)
Start importing Assets/TheGame/Level1_NFTtrend/Step2/_Prefab/RequiredTimeClickHandler.cs using Guid(d9f562f70dda047dca5f83baa8336e24) Importer(815301076,1909f56bfc062723c751e8b465ee728b)  -> (artifact id: 'b4ddac792e1ab8db24cffacb1ee619f7') in 0.002391 seconds 
========================================================================
Received Import Request.
  Time since last request: 20.083327 seconds.
  path: Assets/TheGame/Level1_NFTtrend/Step3/BackAndPreviewButton.cs
  artifactKey: Guid(febdd3d93a23c4195bd35ce0b8b23bed) Importer(815301076,1909f56bfc062723c751e8b465ee728b)
Start importing Assets/TheGame/Level1_NFTtrend/Step3/BackAndPreviewButton.cs using Guid(febdd3d93a23c4195bd35ce0b8b23bed) Importer(815301076,1909f56bfc062723c751e8b465ee728b)  -> (artifact id: 'df2e6678da84d45df09f33790ec1b4bf') in 0.004262 seconds 
========================================================================
Received Import Request.
  Time since last request: 308.799976 seconds.
  path: Assets/TheGame/Level1_NFTtrend/Step3/BackAndPreviewButton.cs
  artifactKey: Guid(febdd3d93a23c4195bd35ce0b8b23bed) Importer(815301076,1909f56bfc062723c751e8b465ee728b)
Start importing Assets/TheGame/Level1_NFTtrend/Step3/BackAndPreviewButton.cs using Guid(febdd3d93a23c4195bd35ce0b8b23bed) Importer(815301076,1909f56bfc062723c751e8b465ee728b)  -> (artifact id: '0cfd037257618075d5913d59da7996c8') in 0.011241 seconds 
========================================================================
Received Import Request.
  Time since last request: 9.535556 seconds.
  path: Assets/TheGame/Level1_NFTtrend/Step3/MakeTheNFTcover.cs
  artifactKey: Guid(be3a4eade336b4d419775e40e3fac0b3) Importer(815301076,1909f56bfc062723c751e8b465ee728b)
Start importing Assets/TheGame/Level1_NFTtrend/Step3/MakeTheNFTcover.cs using Guid(be3a4eade336b4d419775e40e3fac0b3) Importer(815301076,1909f56bfc062723c751e8b465ee728b)  -> (artifact id: '4b5ad76c42491891817b8dc17a6c6d16') in 0.003157 seconds 
========================================================================
Received Import Request.
  Time since last request: 187.559676 seconds.
  path: Assets/TheGame/Level1_NFTtrend/Step3/MakeTheNFTcover.cs
  artifactKey: Guid(be3a4eade336b4d419775e40e3fac0b3) Importer(815301076,1909f56bfc062723c751e8b465ee728b)
Start importing Assets/TheGame/Level1_NFTtrend/Step3/MakeTheNFTcover.cs using Guid(be3a4eade336b4d419775e40e3fac0b3) Importer(815301076,1909f56bfc062723c751e8b465ee728b)  -> (artifact id: '9a1934814b21625bcb741d86d92abeb5') in 0.016337 seconds 
========================================================================
Received Import Request.
  Time since last request: 11.406497 seconds.
  path: Assets/TheGame/Level1_NFTtrend/Step3/MakeTheNFTcover.cs
  artifactKey: Guid(be3a4eade336b4d419775e40e3fac0b3) Importer(815301076,1909f56bfc062723c751e8b465ee728b)
Start importing Assets/TheGame/Level1_NFTtrend/Step3/MakeTheNFTcover.cs using Guid(be3a4eade336b4d419775e40e3fac0b3) Importer(815301076,1909f56bfc062723c751e8b465ee728b)  -> (artifact id: '152073a255d7a31240ed3e950c0237db') in 0.002450 seconds 
========================================================================
Received Import Request.
  Time since last request: 19.392205 seconds.
  path: Assets/TheGame/Level1_NFTtrend/Step3/Draw/_DrawingCanvas/NFTSpritesCreator.cs
  artifactKey: Guid(1e9889b4efbea4912904480e5855a0e1) Importer(815301076,1909f56bfc062723c751e8b465ee728b)
Start importing Assets/TheGame/Level1_NFTtrend/Step3/Draw/_DrawingCanvas/NFTSpritesCreator.cs using Guid(1e9889b4efbea4912904480e5855a0e1) Importer(815301076,1909f56bfc062723c751e8b465ee728b)  -> (artifact id: '809b50f72200a2fdbd01de31d57f53db') in 0.003714 seconds 
========================================================================
Received Import Request.
  Time since last request: 33.856031 seconds.
  path: Assets/TheGame/Level1_NFTtrend/Step3/Draw/DrawingCanvas.cs
  artifactKey: Guid(19aa0f6cb1d3daf499a3b1fea9565619) Importer(815301076,1909f56bfc062723c751e8b465ee728b)
Start importing Assets/TheGame/Level1_NFTtrend/Step3/Draw/DrawingCanvas.cs using Guid(19aa0f6cb1d3daf499a3b1fea9565619) Importer(815301076,1909f56bfc062723c751e8b465ee728b)  -> (artifact id: '435755c193e1ff1786e140961f124f96') in 0.003608 seconds 
========================================================================
Received Import Request.
  Time since last request: 39.146461 seconds.
  path: Assets/TheGame/Level1_NFTtrend/Step3/Draw/_DrawingCanvas/Prefabs/Picture_NewItem.prefab
  artifactKey: Guid(c92b0d747c6d44db69dfe29931a4a513) Importer(815301076,1909f56bfc062723c751e8b465ee728b)
Start importing Assets/TheGame/Level1_NFTtrend/Step3/Draw/_DrawingCanvas/Prefabs/Picture_NewItem.prefab using Guid(c92b0d747c6d44db69dfe29931a4a513) Importer(815301076,1909f56bfc062723c751e8b465ee728b)  -> (artifact id: '10ef0378cf7c6a974663dc9f1cc3ad74') in 0.061890 seconds 
========================================================================
Received Import Request.
  Time since last request: 0.957619 seconds.
  path: Assets/TheGame/Level1_NFTtrend/Step3/Draw/_DrawingCanvas/Prefabs/LayerItems.cs
  artifactKey: Guid(d81ebb4a04b23484e8667edb9b736acf) Importer(815301076,1909f56bfc062723c751e8b465ee728b)
Start importing Assets/TheGame/Level1_NFTtrend/Step3/Draw/_DrawingCanvas/Prefabs/LayerItems.cs using Guid(d81ebb4a04b23484e8667edb9b736acf) Importer(815301076,1909f56bfc062723c751e8b465ee728b)  -> (artifact id: '66508d75f68156f48e1317754a1642fe') in 0.002475 seconds 
========================================================================
Received Import Request.
  Time since last request: 23.987363 seconds.
  path: Assets/TheGame/Level1_NFTtrend/Step3/Draw/_DrawingCanvas/Prefabs/LayerItems.cs
  artifactKey: Guid(d81ebb4a04b23484e8667edb9b736acf) Importer(815301076,1909f56bfc062723c751e8b465ee728b)
Start importing Assets/TheGame/Level1_NFTtrend/Step3/Draw/_DrawingCanvas/Prefabs/LayerItems.cs using Guid(d81ebb4a04b23484e8667edb9b736acf) Importer(815301076,1909f56bfc062723c751e8b465ee728b)  -> (artifact id: '84d31d6a9703975594a4746ab1fd7167') in 0.002213 seconds 
========================================================================
Received Import Request.
  Time since last request: 11.946291 seconds.
  path: Assets/TheGame/Level1_NFTtrend/Step3/Draw/_Left_Panel/Prefabs/Element.prefab
  artifactKey: Guid(c99689c738c2e4211893451922a7e42a) Importer(815301076,1909f56bfc062723c751e8b465ee728b)
Start importing Assets/TheGame/Level1_NFTtrend/Step3/Draw/_Left_Panel/Prefabs/Element.prefab using Guid(c99689c738c2e4211893451922a7e42a) Importer(815301076,1909f56bfc062723c751e8b465ee728b)  -> (artifact id: '948f61a235cd4f68e6b4725f8f25fd09') in 0.263285 seconds 
========================================================================
Received Import Request.
  Time since last request: 46.487697 seconds.
  path: Assets/TheGame/Level1_NFTtrend/Step3/Draw/_DrawingCanvas/Prefabs/LayerItems.cs
  artifactKey: Guid(d81ebb4a04b23484e8667edb9b736acf) Importer(815301076,1909f56bfc062723c751e8b465ee728b)
Start importing Assets/TheGame/Level1_NFTtrend/Step3/Draw/_DrawingCanvas/Prefabs/LayerItems.cs using Guid(d81ebb4a04b23484e8667edb9b736acf) Importer(815301076,1909f56bfc062723c751e8b465ee728b)  -> (artifact id: 'c425a0e1035b2cff0c0b4374845747b7') in 0.003556 seconds 
========================================================================
Received Import Request.
  Time since last request: 100.501013 seconds.
  path: Assets/TheGame/Level1_NFTtrend/Step3/Draw/DrawingValidation.cs
  artifactKey: Guid(ea45c51e8cc264c3387fa05fc95afc9b) Importer(815301076,1909f56bfc062723c751e8b465ee728b)
Start importing Assets/TheGame/Level1_NFTtrend/Step3/Draw/DrawingValidation.cs using Guid(ea45c51e8cc264c3387fa05fc95afc9b) Importer(815301076,1909f56bfc062723c751e8b465ee728b)  -> (artifact id: '181436cdf5aef2138f6d194438934bdc') in 0.020724 seconds 
========================================================================
Received Import Request.
  Time since last request: 150.754124 seconds.
  path: Assets/TheGame/Level1_NFTtrend/Step3/Draw/DrawingValidation.cs
  artifactKey: Guid(ea45c51e8cc264c3387fa05fc95afc9b) Importer(815301076,1909f56bfc062723c751e8b465ee728b)
Start importing Assets/TheGame/Level1_NFTtrend/Step3/Draw/DrawingValidation.cs using Guid(ea45c51e8cc264c3387fa05fc95afc9b) Importer(815301076,1909f56bfc062723c751e8b465ee728b)  -> (artifact id: '3cc241a45b0594d55b1c158b3645ad53') in 0.002591 seconds 
========================================================================
Received Import Request.
  Time since last request: 0.270583 seconds.
  path: Assets/TheGame/Level1_NFTtrend/Step3/Draw/SelectVisualisation.cs
  artifactKey: Guid(7045204887aab457ea67ec6890066ae6) Importer(815301076,1909f56bfc062723c751e8b465ee728b)
Start importing Assets/TheGame/Level1_NFTtrend/Step3/Draw/SelectVisualisation.cs using Guid(7045204887aab457ea67ec6890066ae6) Importer(815301076,1909f56bfc062723c751e8b465ee728b)  -> (artifact id: 'de2a104ebd58d859577ccd29719c9840') in 0.003145 seconds 
========================================================================
Received Import Request.
  Time since last request: 64.966983 seconds.
  path: Assets/TheGame/Level1_NFTtrend/Step3/Draw/SelectVisualisation.cs
  artifactKey: Guid(7045204887aab457ea67ec6890066ae6) Importer(815301076,1909f56bfc062723c751e8b465ee728b)
Start importing Assets/TheGame/Level1_NFTtrend/Step3/Draw/SelectVisualisation.cs using Guid(7045204887aab457ea67ec6890066ae6) Importer(815301076,1909f56bfc062723c751e8b465ee728b)  -> (artifact id: '75a2bdaf96e0ff7adc160284030719ff') in 0.002458 seconds 
========================================================================
Received Import Request.
  Time since last request: 8.397011 seconds.
  path: Assets/TheGame/Level1_NFTtrend/Step3/Draw/_Left_Panel/LayerManager.cs
  artifactKey: Guid(34e2cbd0ecdd147ea941ae3f9a522789) Importer(815301076,1909f56bfc062723c751e8b465ee728b)
Start importing Assets/TheGame/Level1_NFTtrend/Step3/Draw/_Left_Panel/LayerManager.cs using Guid(34e2cbd0ecdd147ea941ae3f9a522789) Importer(815301076,1909f56bfc062723c751e8b465ee728b)  -> (artifact id: 'f29bc082c84c334f7e5fbc9087ba9371') in 0.003876 seconds 
========================================================================
Received Import Request.
  Time since last request: 106.128042 seconds.
  path: Assets/TheGame/Level1_NFTtrend/Step3/RarityInfo/GUI/layer1.png
  artifactKey: Guid(7587bdbfb6bb4411d959412abc66db54) Importer(815301076,1909f56bfc062723c751e8b465ee728b)
Start importing Assets/TheGame/Level1_NFTtrend/Step3/RarityInfo/GUI/layer1.png using Guid(7587bdbfb6bb4411d959412abc66db54) Importer(815301076,1909f56bfc062723c751e8b465ee728b)  -> (artifact id: 'fc7d8b4f34afb6a407fab6f8b430a027') in 0.172776 seconds 
========================================================================
Received Import Request.
  Time since last request: 0.000370 seconds.
  path: Assets/TheGame/Level1_NFTtrend/Step3/RarityInfo/GUI/ready.png
  artifactKey: Guid(235d7900840a14c2ca15b23066d1d568) Importer(815301076,1909f56bfc062723c751e8b465ee728b)
Start importing Assets/TheGame/Level1_NFTtrend/Step3/RarityInfo/GUI/ready.png using Guid(235d7900840a14c2ca15b23066d1d568) Importer(815301076,1909f56bfc062723c751e8b465ee728b)  -> (artifact id: '67691945537740405ac0aee71df6a79b') in 0.059713 seconds 
========================================================================
Received Import Request.
  Time since last request: 30.843195 seconds.
  path: Assets/TheGame/Level1_NFTtrend/Step3/Draw/_Left_Panel/LayerManager.cs
  artifactKey: Guid(34e2cbd0ecdd147ea941ae3f9a522789) Importer(815301076,1909f56bfc062723c751e8b465ee728b)
Start importing Assets/TheGame/Level1_NFTtrend/Step3/Draw/_Left_Panel/LayerManager.cs using Guid(34e2cbd0ecdd147ea941ae3f9a522789) Importer(815301076,1909f56bfc062723c751e8b465ee728b)  -> (artifact id: 'ab9b8e101764d8e22abc0851b180cec9') in 0.012259 seconds 
========================================================================
Received Import Request.
  Time since last request: 228.219477 seconds.
  path: Assets/TheGame/Level1_NFTtrend/Step3/Draw/_Left_Panel/Prefabs/AddElement.cs
  artifactKey: Guid(73e79b190926e4f0582b2e1cb468c604) Importer(815301076,1909f56bfc062723c751e8b465ee728b)
Start importing Assets/TheGame/Level1_NFTtrend/Step3/Draw/_Left_Panel/Prefabs/AddElement.cs using Guid(73e79b190926e4f0582b2e1cb468c604) Importer(815301076,1909f56bfc062723c751e8b465ee728b)  -> (artifact id: 'b70f92b8c4e4bac2ede061bfb7d293f5') in 0.003849 seconds 
========================================================================
Received Import Request.
  Time since last request: 51.037224 seconds.
  path: Assets/TheGame/Level1_NFTtrend/Step3/Draw/_Left_Panel/Prefabs/AddElement.cs
  artifactKey: Guid(73e79b190926e4f0582b2e1cb468c604) Importer(815301076,1909f56bfc062723c751e8b465ee728b)
Start importing Assets/TheGame/Level1_NFTtrend/Step3/Draw/_Left_Panel/Prefabs/AddElement.cs using Guid(73e79b190926e4f0582b2e1cb468c604) Importer(815301076,1909f56bfc062723c751e8b465ee728b)  -> (artifact id: '8906ec0adf5546664aaaebe231bd16e4') in 0.021583 seconds 
========================================================================
Received Import Request.
  Time since last request: 2.615145 seconds.
  path: Assets/TheGame/Level1_NFTtrend/Step3/Draw/_Left_Panel/Prefabs/ElementName.cs
  artifactKey: Guid(8380b08dd6d254e7d812e10c0af6b7e4) Importer(815301076,1909f56bfc062723c751e8b465ee728b)
Start importing Assets/TheGame/Level1_NFTtrend/Step3/Draw/_Left_Panel/Prefabs/ElementName.cs using Guid(8380b08dd6d254e7d812e10c0af6b7e4) Importer(815301076,1909f56bfc062723c751e8b465ee728b)  -> (artifact id: 'aca4d91b11fbc6b64ec7e4dd12d9a211') in 0.002979 seconds 
========================================================================
Received Import Request.
  Time since last request: 34.793966 seconds.
  path: Assets/TheGame/Level1_NFTtrend/Step3/Draw/_Left_Panel/Prefabs/ElementSelecter.cs
  artifactKey: Guid(dc61b9bd767224a25a038c413e51327c) Importer(815301076,1909f56bfc062723c751e8b465ee728b)
Start importing Assets/TheGame/Level1_NFTtrend/Step3/Draw/_Left_Panel/Prefabs/ElementSelecter.cs using Guid(dc61b9bd767224a25a038c413e51327c) Importer(815301076,1909f56bfc062723c751e8b465ee728b)  -> (artifact id: '3c2e22ebf10053333cefab5ae2a86e7b') in 0.004237 seconds 
========================================================================
Received Import Request.
  Time since last request: 95.614355 seconds.
  path: Assets/TheGame/Level1_NFTtrend/Step3/Draw/_Left_Panel/Prefabs/ElementSelecter.cs
  artifactKey: Guid(dc61b9bd767224a25a038c413e51327c) Importer(815301076,1909f56bfc062723c751e8b465ee728b)
Start importing Assets/TheGame/Level1_NFTtrend/Step3/Draw/_Left_Panel/Prefabs/ElementSelecter.cs using Guid(dc61b9bd767224a25a038c413e51327c) Importer(815301076,1909f56bfc062723c751e8b465ee728b)  -> (artifact id: 'c389e45a91431bf94af841261ff7778c') in 0.003215 seconds 
========================================================================
Received Import Request.
  Time since last request: 1.874836 seconds.
  path: Assets/TheGame/Level1_NFTtrend/Step3/Draw/_Left_Panel/Prefabs/LayerName.cs
  artifactKey: Guid(681cea9f7a9b649cea8ec2433d124194) Importer(815301076,1909f56bfc062723c751e8b465ee728b)
Start importing Assets/TheGame/Level1_NFTtrend/Step3/Draw/_Left_Panel/Prefabs/LayerName.cs using Guid(681cea9f7a9b649cea8ec2433d124194) Importer(815301076,1909f56bfc062723c751e8b465ee728b)  -> (artifact id: '8a69cfdd3312be64c057b17a301c9a88') in 0.003018 seconds 
========================================================================
Received Import Request.
  Time since last request: 19.419521 seconds.
  path: Assets/TheGame/Level1_NFTtrend/Step3/Preview/CollectionPreview.cs
  artifactKey: Guid(c316274530dcf4566b73d8574522956e) Importer(815301076,1909f56bfc062723c751e8b465ee728b)
Start importing Assets/TheGame/Level1_NFTtrend/Step3/Preview/CollectionPreview.cs using Guid(c316274530dcf4566b73d8574522956e) Importer(815301076,1909f56bfc062723c751e8b465ee728b)  -> (artifact id: '0c72cfd034f72ec9c76c3ee34de86380') in 0.003657 seconds 
========================================================================
Received Import Request.
  Time since last request: 38.465222 seconds.
  path: Assets/TheGame/Level1_NFTtrend/Step3/Preview/CollectionPreview.cs
  artifactKey: Guid(c316274530dcf4566b73d8574522956e) Importer(815301076,1909f56bfc062723c751e8b465ee728b)
Start importing Assets/TheGame/Level1_NFTtrend/Step3/Preview/CollectionPreview.cs using Guid(c316274530dcf4566b73d8574522956e) Importer(815301076,1909f56bfc062723c751e8b465ee728b)  -> (artifact id: '2957dcf4fb3f00ee954121c6ea2ad8a3') in 0.004948 seconds 
========================================================================
Received Import Request.
  Time since last request: 13.281229 seconds.
  path: Assets/TheGame/Level1_NFTtrend/Step3/Preview/NFTamontUpdate.cs
  artifactKey: Guid(ba5b9f7ef566541c5810720ce8702a37) Importer(815301076,1909f56bfc062723c751e8b465ee728b)
Start importing Assets/TheGame/Level1_NFTtrend/Step3/Preview/NFTamontUpdate.cs using Guid(ba5b9f7ef566541c5810720ce8702a37) Importer(815301076,1909f56bfc062723c751e8b465ee728b)  -> (artifact id: '3a917ee1094e70f8a04aaa8e27c7a7e4') in 0.003202 seconds 
========================================================================
Received Import Request.
  Time since last request: 14.506052 seconds.
  path: Assets/TheGame/Level1_NFTtrend/Step3/RarityInfo/OnOffMetadata.cs
  artifactKey: Guid(afcdd94ac05074866aea55763bf8be57) Importer(815301076,1909f56bfc062723c751e8b465ee728b)
Start importing Assets/TheGame/Level1_NFTtrend/Step3/RarityInfo/OnOffMetadata.cs using Guid(afcdd94ac05074866aea55763bf8be57) Importer(815301076,1909f56bfc062723c751e8b465ee728b)  -> (artifact id: 'da110ee071f385633af1cb3861c9ddd2') in 0.002964 seconds 
========================================================================
Received Import Request.
  Time since last request: 26419.816663 seconds.
  path: Assets/TheGame/Level1_NFTtrend/Step4/Preview
  artifactKey: Guid(e19ed8252ae3843f589ee4abf9f15dd0) Importer(815301076,1909f56bfc062723c751e8b465ee728b)
Start importing Assets/TheGame/Level1_NFTtrend/Step4/Preview using Guid(e19ed8252ae3843f589ee4abf9f15dd0) Importer(815301076,1909f56bfc062723c751e8b465ee728b)  -> (artifact id: '607b9fc00752368b5f104a63ab3fb4f1') in 0.018756 seconds 
========================================================================
Received Import Request.
  Time since last request: 45.818265 seconds.
  path: Assets/TheGame/Level1_NFTtrend/Step5/BadgetPlaning.cs
  artifactKey: Guid(f42b487096e164e30be1eb55dd0f17c4) Importer(815301076,1909f56bfc062723c751e8b465ee728b)
Start importing Assets/TheGame/Level1_NFTtrend/Step5/BadgetPlaning.cs using Guid(f42b487096e164e30be1eb55dd0f17c4) Importer(815301076,1909f56bfc062723c751e8b465ee728b)  -> (artifact id: '218772e0fb0e0a0d9095f5d71ada0a5d') in 0.022717 seconds 
========================================================================
Received Import Request.
  Time since last request: 448.102546 seconds.
  path: Assets/TheGame/Level1_NFTtrend/Step5/BadgetPlaning.cs
  artifactKey: Guid(f42b487096e164e30be1eb55dd0f17c4) Importer(815301076,1909f56bfc062723c751e8b465ee728b)
Start importing Assets/TheGame/Level1_NFTtrend/Step5/BadgetPlaning.cs using Guid(f42b487096e164e30be1eb55dd0f17c4) Importer(815301076,1909f56bfc062723c751e8b465ee728b)  -> (artifact id: '1a5f73449758224166b38e97655b114c') in 0.004374 seconds 
========================================================================
Received Import Request.
  Time since last request: 1.208842 seconds.
  path: Assets/TheGame/Level1_NFTtrend/Step5/BudgetPlaningTextUpdate.cs
  artifactKey: Guid(ff2121134eb0a4a7da5189e31e8c448c) Importer(815301076,1909f56bfc062723c751e8b465ee728b)
Start importing Assets/TheGame/Level1_NFTtrend/Step5/BudgetPlaningTextUpdate.cs using Guid(ff2121134eb0a4a7da5189e31e8c448c) Importer(815301076,1909f56bfc062723c751e8b465ee728b)  -> (artifact id: '0c27760164a1e59c6e1b941b66d0e134') in 0.003564 seconds 
========================================================================
Received Import Request.
  Time since last request: 27.927967 seconds.
  path: Assets/TheGame/Level1_NFTtrend/Step5/GetFreeFonds.cs
  artifactKey: Guid(ccc9c8358b3af4b4daf889febe8dc729) Importer(815301076,1909f56bfc062723c751e8b465ee728b)
Start importing Assets/TheGame/Level1_NFTtrend/Step5/GetFreeFonds.cs using Guid(ccc9c8358b3af4b4daf889febe8dc729) Importer(815301076,1909f56bfc062723c751e8b465ee728b)  -> (artifact id: 'ead9fe93df3e86aa2a18e1c8a8556ddc') in 0.005211 seconds 
========================================================================
Received Import Request.
  Time since last request: 43.739812 seconds.
  path: Assets/TheGame/Level1_NFTtrend/Step5/GetFreeFonds.cs
  artifactKey: Guid(ccc9c8358b3af4b4daf889febe8dc729) Importer(815301076,1909f56bfc062723c751e8b465ee728b)
Start importing Assets/TheGame/Level1_NFTtrend/Step5/GetFreeFonds.cs using Guid(ccc9c8358b3af4b4daf889febe8dc729) Importer(815301076,1909f56bfc062723c751e8b465ee728b)  -> (artifact id: '79324a71c7e322372874ede31a945362') in 0.004778 seconds 
========================================================================
Received Import Request.
  Time since last request: 16.740589 seconds.
  path: Assets/TheGame/Level1_NFTtrend/Step5/0. MarketingPlaning/MarketingChart.cs
  artifactKey: Guid(83ea34cedc6e141359b36898c7b5cd51) Importer(815301076,1909f56bfc062723c751e8b465ee728b)
Start importing Assets/TheGame/Level1_NFTtrend/Step5/0. MarketingPlaning/MarketingChart.cs using Guid(83ea34cedc6e141359b36898c7b5cd51) Importer(815301076,1909f56bfc062723c751e8b465ee728b)  -> (artifact id: 'e929cad88322ec6e5b49c3552a52f2c3') in 0.002325 seconds 
========================================================================
Received Import Request.
  Time since last request: 360.853790 seconds.
  path: Assets/TheGame/Level1_NFTtrend/Step5/0. MarketingPlaning/MarketingChart.cs
  artifactKey: Guid(83ea34cedc6e141359b36898c7b5cd51) Importer(815301076,1909f56bfc062723c751e8b465ee728b)
Start importing Assets/TheGame/Level1_NFTtrend/Step5/0. MarketingPlaning/MarketingChart.cs using Guid(83ea34cedc6e141359b36898c7b5cd51) Importer(815301076,1909f56bfc062723c751e8b465ee728b)  -> (artifact id: '572d9253ae2a74810975ddc69d4121bd') in 0.003943 seconds 
========================================================================
Received Import Request.
  Time since last request: 4.253571 seconds.
  path: Assets/TheGame/Level1_NFTtrend/Step5/0. MarketingPlaning/MarketingPercentDistribution.cs
  artifactKey: Guid(e21354b742b094677bd7f943c2c159fc) Importer(815301076,1909f56bfc062723c751e8b465ee728b)
Start importing Assets/TheGame/Level1_NFTtrend/Step5/0. MarketingPlaning/MarketingPercentDistribution.cs using Guid(e21354b742b094677bd7f943c2c159fc) Importer(815301076,1909f56bfc062723c751e8b465ee728b)  -> (artifact id: 'b44b6c34c7b4d61fda845f0785091c54') in 0.003381 seconds 
========================================================================
Received Import Request.
  Time since last request: 76.154051 seconds.
  path: Assets/TheGame/Level1_NFTtrend/Step5/0. MarketingPlaning/MarketingPercentDistribution.cs
  artifactKey: Guid(e21354b742b094677bd7f943c2c159fc) Importer(815301076,1909f56bfc062723c751e8b465ee728b)
Start importing Assets/TheGame/Level1_NFTtrend/Step5/0. MarketingPlaning/MarketingPercentDistribution.cs using Guid(e21354b742b094677bd7f943c2c159fc) Importer(815301076,1909f56bfc062723c751e8b465ee728b)  -> (artifact id: 'e35df61e78251585dba2ac711a6ec5ca') in 0.012268 seconds 
========================================================================
Received Import Request.
  Time since last request: 10.411399 seconds.
  path: Assets/TheGame/Level1_NFTtrend/Step5/0. MarketingPlaning/Persent/CalculatePersentInUSD.cs
  artifactKey: Guid(430af6d1a9ba24769bee3d4b86e14cd4) Importer(815301076,1909f56bfc062723c751e8b465ee728b)
Start importing Assets/TheGame/Level1_NFTtrend/Step5/0. MarketingPlaning/Persent/CalculatePersentInUSD.cs using Guid(430af6d1a9ba24769bee3d4b86e14cd4) Importer(815301076,1909f56bfc062723c751e8b465ee728b)  -> (artifact id: '7dfbc3387f39b878c7092088fa28bf14') in 0.003320 seconds 
========================================================================
Received Import Request.
  Time since last request: 38.283756 seconds.
  path: Assets/TheGame/Level1_NFTtrend/Step5/0. MarketingPlaning/Persent/CalculatePersentInUSD.cs
  artifactKey: Guid(430af6d1a9ba24769bee3d4b86e14cd4) Importer(815301076,1909f56bfc062723c751e8b465ee728b)
Start importing Assets/TheGame/Level1_NFTtrend/Step5/0. MarketingPlaning/Persent/CalculatePersentInUSD.cs using Guid(430af6d1a9ba24769bee3d4b86e14cd4) Importer(815301076,1909f56bfc062723c751e8b465ee728b)  -> (artifact id: 'f3a95019972448b97abd7d1414cc1e3d') in 0.002977 seconds 
========================================================================
Received Import Request.
  Time since last request: 9.038264 seconds.
  path: Assets/TheGame/Level1_NFTtrend/Step5/0. MarketingPlaning/Persent/QuestionAboutPlatform.cs
  artifactKey: Guid(9a8526d4669f94ec4a868d56a82ff540) Importer(815301076,1909f56bfc062723c751e8b465ee728b)
Start importing Assets/TheGame/Level1_NFTtrend/Step5/0. MarketingPlaning/Persent/QuestionAboutPlatform.cs using Guid(9a8526d4669f94ec4a868d56a82ff540) Importer(815301076,1909f56bfc062723c751e8b465ee728b)  -> (artifact id: '0b69b1cd1a9736ec8382e26512d180ce') in 0.003134 seconds 
========================================================================
Received Import Request.
  Time since last request: 65.492806 seconds.
  path: Assets/TheGame/Level1_NFTtrend/Step5/0. MarketingPlaning/Persent/QuestionAboutPlatform.cs
  artifactKey: Guid(9a8526d4669f94ec4a868d56a82ff540) Importer(815301076,1909f56bfc062723c751e8b465ee728b)
Start importing Assets/TheGame/Level1_NFTtrend/Step5/0. MarketingPlaning/Persent/QuestionAboutPlatform.cs using Guid(9a8526d4669f94ec4a868d56a82ff540) Importer(815301076,1909f56bfc062723c751e8b465ee728b)  -> (artifact id: 'd2eff906386f7618e74f2244fbe751d9') in 0.003580 seconds 
========================================================================
Received Import Request.
  Time since last request: 5.640956 seconds.
  path: Assets/TheGame/Level1_NFTtrend/Step5/0. MarketingPlaning/Persent/ShowSetUpButton.cs
  artifactKey: Guid(3920a2ccfcd66419b8dbe5ad0fa5f2f0) Importer(815301076,1909f56bfc062723c751e8b465ee728b)
Start importing Assets/TheGame/Level1_NFTtrend/Step5/0. MarketingPlaning/Persent/ShowSetUpButton.cs using Guid(3920a2ccfcd66419b8dbe5ad0fa5f2f0) Importer(815301076,1909f56bfc062723c751e8b465ee728b)  -> (artifact id: '5ade2d7d5a7b8bc335e8fa9c3c6c4376') in 0.004213 seconds 
========================================================================
Received Import Request.
  Time since last request: 42.407117 seconds.
  path: Assets/TheGame/Level1_NFTtrend/Step5/0. MarketingPlaning/Persent/ShowSetUpButton.cs
  artifactKey: Guid(3920a2ccfcd66419b8dbe5ad0fa5f2f0) Importer(815301076,1909f56bfc062723c751e8b465ee728b)
Start importing Assets/TheGame/Level1_NFTtrend/Step5/0. MarketingPlaning/Persent/ShowSetUpButton.cs using Guid(3920a2ccfcd66419b8dbe5ad0fa5f2f0) Importer(815301076,1909f56bfc062723c751e8b465ee728b)  -> (artifact id: '3701f464cec3135bda35b467ddd35a58') in 0.002681 seconds 
========================================================================
Received Import Request.
  Time since last request: 9.761312 seconds.
  path: Assets/TheGame/Level1_NFTtrend/Step5/1. SocialMediaOutreach/SetMedia.cs
  artifactKey: Guid(f4ce44845f5f24e939a7526e6e3a4d7d) Importer(815301076,1909f56bfc062723c751e8b465ee728b)
Start importing Assets/TheGame/Level1_NFTtrend/Step5/1. SocialMediaOutreach/SetMedia.cs using Guid(f4ce44845f5f24e939a7526e6e3a4d7d) Importer(815301076,1909f56bfc062723c751e8b465ee728b)  -> (artifact id: '81d0e8d3ff662d7aa4f26d404a4c526a') in 0.004218 seconds 
========================================================================
Received Import Request.
  Time since last request: 43.642020 seconds.
  path: Assets/TheGame/Level1_NFTtrend/Step5/1. SocialMediaOutreach/SetMedia.cs
  artifactKey: Guid(f4ce44845f5f24e939a7526e6e3a4d7d) Importer(815301076,1909f56bfc062723c751e8b465ee728b)
Start importing Assets/TheGame/Level1_NFTtrend/Step5/1. SocialMediaOutreach/SetMedia.cs using Guid(f4ce44845f5f24e939a7526e6e3a4d7d) Importer(815301076,1909f56bfc062723c751e8b465ee728b)  -> (artifact id: 'c93a403d737ff3eb620e864567f6743d') in 0.016583 seconds 
========================================================================
Received Import Request.
  Time since last request: 15.957521 seconds.
  path: Assets/TheGame/Level1_NFTtrend/Step5/1. SocialMediaOutreach/Ambasadors/AmbasadorsPromotionToggle.cs
  artifactKey: Guid(c871c51d1064f408b878876e7d180aeb) Importer(815301076,1909f56bfc062723c751e8b465ee728b)
Start importing Assets/TheGame/Level1_NFTtrend/Step5/1. SocialMediaOutreach/Ambasadors/AmbasadorsPromotionToggle.cs using Guid(c871c51d1064f408b878876e7d180aeb) Importer(815301076,1909f56bfc062723c751e8b465ee728b)  -> (artifact id: 'a7a1d8eb453c29a80e6235f3b2ca8059') in 0.009130 seconds 
========================================================================
Received Import Request.
  Time since last request: 23.983412 seconds.
  path: Assets/TheGame/Level1_NFTtrend/Step5/1. SocialMediaOutreach/Ambasadors/AmbasadorsPromotionToggle.cs
  artifactKey: Guid(c871c51d1064f408b878876e7d180aeb) Importer(815301076,1909f56bfc062723c751e8b465ee728b)
Start importing Assets/TheGame/Level1_NFTtrend/Step5/1. SocialMediaOutreach/Ambasadors/AmbasadorsPromotionToggle.cs using Guid(c871c51d1064f408b878876e7d180aeb) Importer(815301076,1909f56bfc062723c751e8b465ee728b)  -> (artifact id: '47a488ab03acf25d61752227eb2059be') in 0.002718 seconds 
========================================================================
Received Import Request.
  Time since last request: 51.379342 seconds.
  path: Assets/TheGame/Level1_NFTtrend/Step5/1. SocialMediaOutreach/Ambasadors/AmbasadorsPromotionToggle.cs
  artifactKey: Guid(c871c51d1064f408b878876e7d180aeb) Importer(815301076,1909f56bfc062723c751e8b465ee728b)
Start importing Assets/TheGame/Level1_NFTtrend/Step5/1. SocialMediaOutreach/Ambasadors/AmbasadorsPromotionToggle.cs using Guid(c871c51d1064f408b878876e7d180aeb) Importer(815301076,1909f56bfc062723c751e8b465ee728b)  -> (artifact id: 'd689399a3cac4476386a852470e5df02') in 0.002682 seconds 
========================================================================
Received Import Request.
  Time since last request: 0.666323 seconds.
  path: Assets/TheGame/Level1_NFTtrend/Step5/1. SocialMediaOutreach/Ambasadors/AmbassadorsPriceCalculation.cs
  artifactKey: Guid(564c607b1fd6148f79dec2ad3c3f0870) Importer(815301076,1909f56bfc062723c751e8b465ee728b)
Start importing Assets/TheGame/Level1_NFTtrend/Step5/1. SocialMediaOutreach/Ambasadors/AmbassadorsPriceCalculation.cs using Guid(564c607b1fd6148f79dec2ad3c3f0870) Importer(815301076,1909f56bfc062723c751e8b465ee728b)  -> (artifact id: '2b289391ef46f70218024dd7bf03f594') in 0.004343 seconds 
========================================================================
Received Import Request.
  Time since last request: 39.137585 seconds.
  path: Assets/TheGame/Level1_NFTtrend/Step5/1. SocialMediaOutreach/Ambasadors/AmbassadorsPriceCalculation.cs
  artifactKey: Guid(564c607b1fd6148f79dec2ad3c3f0870) Importer(815301076,1909f56bfc062723c751e8b465ee728b)
Start importing Assets/TheGame/Level1_NFTtrend/Step5/1. SocialMediaOutreach/Ambasadors/AmbassadorsPriceCalculation.cs using Guid(564c607b1fd6148f79dec2ad3c3f0870) Importer(815301076,1909f56bfc062723c751e8b465ee728b)  -> (artifact id: 'ad378cb318e1fe9137aa43a4cb78d4dd') in 0.001873 seconds 
========================================================================
Received Import Request.
  Time since last request: 8.759515 seconds.
  path: Assets/TheGame/Level1_NFTtrend/Step5/1. SocialMediaOutreach/BoostPrice/BoostPriceChanger.cs
  artifactKey: Guid(10fee9ae20f8a4c519cf6d556f28afc6) Importer(815301076,1909f56bfc062723c751e8b465ee728b)
Start importing Assets/TheGame/Level1_NFTtrend/Step5/1. SocialMediaOutreach/BoostPrice/BoostPriceChanger.cs using Guid(10fee9ae20f8a4c519cf6d556f28afc6) Importer(815301076,1909f56bfc062723c751e8b465ee728b)  -> (artifact id: '7e5adb5432098f5a983a11f3eeda7e88') in 0.003396 seconds 
========================================================================
Received Import Request.
  Time since last request: 16.048816 seconds.
  path: Assets/TheGame/Level1_NFTtrend/Step5/1. SocialMediaOutreach/Colaborations/ColabsActivator.cs
  artifactKey: Guid(60c6f6110c3bd4f7ea6b37f195c0fe79) Importer(815301076,1909f56bfc062723c751e8b465ee728b)
Start importing Assets/TheGame/Level1_NFTtrend/Step5/1. SocialMediaOutreach/Colaborations/ColabsActivator.cs using Guid(60c6f6110c3bd4f7ea6b37f195c0fe79) Importer(815301076,1909f56bfc062723c751e8b465ee728b)  -> (artifact id: 'd19219390aafc88fe0b3f5047fc3e77d') in 0.003451 seconds 
========================================================================
Received Import Request.
  Time since last request: 15.793791 seconds.
  path: Assets/TheGame/Level1_NFTtrend/Step5/1. SocialMediaOutreach/Media/DisplayPlanedMediaBudget.cs
  artifactKey: Guid(c4a8dbca55cad4ae2abe12da2c789af6) Importer(815301076,1909f56bfc062723c751e8b465ee728b)
Start importing Assets/TheGame/Level1_NFTtrend/Step5/1. SocialMediaOutreach/Media/DisplayPlanedMediaBudget.cs using Guid(c4a8dbca55cad4ae2abe12da2c789af6) Importer(815301076,1909f56bfc062723c751e8b465ee728b)  -> (artifact id: '100e49559f8bb61ded1a1117b6f8f14c') in 0.003231 seconds 
========================================================================
Received Import Request.
  Time since last request: 47.632657 seconds.
  path: Assets/TheGame/Level1_NFTtrend/Step5/1. SocialMediaOutreach/Media/DisplayPlanedMediaBudget.cs
  artifactKey: Guid(c4a8dbca55cad4ae2abe12da2c789af6) Importer(815301076,1909f56bfc062723c751e8b465ee728b)
Start importing Assets/TheGame/Level1_NFTtrend/Step5/1. SocialMediaOutreach/Media/DisplayPlanedMediaBudget.cs using Guid(c4a8dbca55cad4ae2abe12da2c789af6) Importer(815301076,1909f56bfc062723c751e8b465ee728b)  -> (artifact id: 'ac64be5c99bf4d07cddb418c58304497') in 0.003390 seconds 
========================================================================
Received Import Request.
  Time since last request: 3.038708 seconds.
  path: Assets/TheGame/Level1_NFTtrend/Step5/1. SocialMediaOutreach/Media/MediaPriceCalculation.cs
  artifactKey: Guid(2918d7b2ed5464b0380d686bce952b5e) Importer(815301076,1909f56bfc062723c751e8b465ee728b)
Start importing Assets/TheGame/Level1_NFTtrend/Step5/1. SocialMediaOutreach/Media/MediaPriceCalculation.cs using Guid(2918d7b2ed5464b0380d686bce952b5e) Importer(815301076,1909f56bfc062723c751e8b465ee728b)  -> (artifact id: '286aa95fd392196c0f426c2bf5c1e375') in 0.002338 seconds 
========================================================================
Received Import Request.
  Time since last request: 40.112872 seconds.
  path: Assets/TheGame/Level1_NFTtrend/Step5/1. SocialMediaOutreach/Media/MediaPriceCalculation.cs
  artifactKey: Guid(2918d7b2ed5464b0380d686bce952b5e) Importer(815301076,1909f56bfc062723c751e8b465ee728b)
Start importing Assets/TheGame/Level1_NFTtrend/Step5/1. SocialMediaOutreach/Media/MediaPriceCalculation.cs using Guid(2918d7b2ed5464b0380d686bce952b5e) Importer(815301076,1909f56bfc062723c751e8b465ee728b)  -> (artifact id: 'c4e5c6f999a4281622622b7014c2ddf8') in 0.001942 seconds 
========================================================================
Received Import Request.
  Time since last request: 13.262560 seconds.
  path: Assets/TheGame/Level1_NFTtrend/Step5/1. SocialMediaOutreach/Media/MediaPromotionToggel.cs
  artifactKey: Guid(a585d911d25cb4a9b9d48ccbbe93c3df) Importer(815301076,1909f56bfc062723c751e8b465ee728b)
Start importing Assets/TheGame/Level1_NFTtrend/Step5/1. SocialMediaOutreach/Media/MediaPromotionToggel.cs using Guid(a585d911d25cb4a9b9d48ccbbe93c3df) Importer(815301076,1909f56bfc062723c751e8b465ee728b)  -> (artifact id: 'ae1d671e0c748139e2062d0bb8846cc4') in 0.003146 seconds 
========================================================================
Received Import Request.
  Time since last request: 33.703694 seconds.
  path: Assets/TheGame/Level1_NFTtrend/Step5/1. SocialMediaOutreach/Media/MediaPromotionToggel.cs
  artifactKey: Guid(a585d911d25cb4a9b9d48ccbbe93c3df) Importer(815301076,1909f56bfc062723c751e8b465ee728b)
Start importing Assets/TheGame/Level1_NFTtrend/Step5/1. SocialMediaOutreach/Media/MediaPromotionToggel.cs using Guid(a585d911d25cb4a9b9d48ccbbe93c3df) Importer(815301076,1909f56bfc062723c751e8b465ee728b)  -> (artifact id: 'a6482d997ecba21c6be56f69c899d4af') in 0.002749 seconds 
========================================================================
Received Import Request.
  Time since last request: 4.177921 seconds.
  path: Assets/TheGame/Level1_NFTtrend/Step5/1. SocialMediaOutreach/TraditionalMethods/SetTraditional.cs
  artifactKey: Guid(db2477eaa6aeb4336a086f6fe6277f9d) Importer(815301076,1909f56bfc062723c751e8b465ee728b)
Start importing Assets/TheGame/Level1_NFTtrend/Step5/1. SocialMediaOutreach/TraditionalMethods/SetTraditional.cs using Guid(db2477eaa6aeb4336a086f6fe6277f9d) Importer(815301076,1909f56bfc062723c751e8b465ee728b)  -> (artifact id: 'c82502951ee4e996140431c86d88ecad') in 0.002358 seconds 
========================================================================
Received Import Request.
  Time since last request: 50.035535 seconds.
  path: Assets/TheGame/Level1_NFTtrend/Step5/1. SocialMediaOutreach/TraditionalMethods/SetTraditional.cs
  artifactKey: Guid(db2477eaa6aeb4336a086f6fe6277f9d) Importer(815301076,1909f56bfc062723c751e8b465ee728b)
Start importing Assets/TheGame/Level1_NFTtrend/Step5/1. SocialMediaOutreach/TraditionalMethods/SetTraditional.cs using Guid(db2477eaa6aeb4336a086f6fe6277f9d) Importer(815301076,1909f56bfc062723c751e8b465ee728b)  -> (artifact id: '2f3178c5f45776ac82e56300b4d52a7a') in 0.005381 seconds 
========================================================================
Received Import Request.
  Time since last request: 9.046955 seconds.
  path: Assets/TheGame/Level1_NFTtrend/Step5/1. SocialMediaOutreach/TraditionalMethods/TraditionalPriceCalculation.cs
  artifactKey: Guid(79ac2045bdad14de7bab0bacebf8bca3) Importer(815301076,1909f56bfc062723c751e8b465ee728b)
Start importing Assets/TheGame/Level1_NFTtrend/Step5/1. SocialMediaOutreach/TraditionalMethods/TraditionalPriceCalculation.cs using Guid(79ac2045bdad14de7bab0bacebf8bca3) Importer(815301076,1909f56bfc062723c751e8b465ee728b)  -> (artifact id: '6cb3fb64bb3b37d643d0a9e208c5ff18') in 0.003996 seconds 
========================================================================
Received Import Request.
  Time since last request: 30.392807 seconds.
  path: Assets/TheGame/Level1_NFTtrend/Step5/1. SocialMediaOutreach/TraditionalMethods/TraditionalPriceCalculation.cs
  artifactKey: Guid(79ac2045bdad14de7bab0bacebf8bca3) Importer(815301076,1909f56bfc062723c751e8b465ee728b)
Start importing Assets/TheGame/Level1_NFTtrend/Step5/1. SocialMediaOutreach/TraditionalMethods/TraditionalPriceCalculation.cs using Guid(79ac2045bdad14de7bab0bacebf8bca3) Importer(815301076,1909f56bfc062723c751e8b465ee728b)  -> (artifact id: '3ea42be1b3a57235e8e2db9873a57ff5') in 0.014456 seconds 
========================================================================
Received Import Request.
  Time since last request: 3.716491 seconds.
  path: Assets/TheGame/Level1_NFTtrend/Step5/1. SocialMediaOutreach/TraditionalMethods/TraditionalPromotionToggel.cs
  artifactKey: Guid(19562c836efd74d63b60cd23493381b7) Importer(815301076,1909f56bfc062723c751e8b465ee728b)
Start importing Assets/TheGame/Level1_NFTtrend/Step5/1. SocialMediaOutreach/TraditionalMethods/TraditionalPromotionToggel.cs using Guid(19562c836efd74d63b60cd23493381b7) Importer(815301076,1909f56bfc062723c751e8b465ee728b)  -> (artifact id: 'd22fd1e0acd0541463be00ec717ff535') in 0.003753 seconds 
========================================================================
Received Import Request.
  Time since last request: 32.560721 seconds.
  path: Assets/TheGame/Level1_NFTtrend/Step5/1. SocialMediaOutreach/TraditionalMethods/TraditionalPromotionToggel.cs
  artifactKey: Guid(19562c836efd74d63b60cd23493381b7) Importer(815301076,1909f56bfc062723c751e8b465ee728b)
Start importing Assets/TheGame/Level1_NFTtrend/Step5/1. SocialMediaOutreach/TraditionalMethods/TraditionalPromotionToggel.cs using Guid(19562c836efd74d63b60cd23493381b7) Importer(815301076,1909f56bfc062723c751e8b465ee728b)  -> (artifact id: '050a6c2d5d773998bb4ede689a148621') in 0.003642 seconds 
========================================================================
Received Import Request.
  Time since last request: 9.401033 seconds.
  path: Assets/TheGame/Level1_NFTtrend/Step5/2. NFTPlatformStrategy/CalculatePrice4PlatformsMarketing.cs
  artifactKey: Guid(afdc77473e09d456d9ae872a4747c528) Importer(815301076,1909f56bfc062723c751e8b465ee728b)
Start importing Assets/TheGame/Level1_NFTtrend/Step5/2. NFTPlatformStrategy/CalculatePrice4PlatformsMarketing.cs using Guid(afdc77473e09d456d9ae872a4747c528) Importer(815301076,1909f56bfc062723c751e8b465ee728b)  -> (artifact id: '6342a805f01c19f9c1eed09068b0d55d') in 0.003228 seconds 
========================================================================
Received Import Request.
  Time since last request: 43.778703 seconds.
  path: Assets/TheGame/Level1_NFTtrend/Step5/2. NFTPlatformStrategy/CalculatePrice4PlatformsMarketing.cs
  artifactKey: Guid(afdc77473e09d456d9ae872a4747c528) Importer(815301076,1909f56bfc062723c751e8b465ee728b)
Start importing Assets/TheGame/Level1_NFTtrend/Step5/2. NFTPlatformStrategy/CalculatePrice4PlatformsMarketing.cs using Guid(afdc77473e09d456d9ae872a4747c528) Importer(815301076,1909f56bfc062723c751e8b465ee728b)  -> (artifact id: 'eb002e7948a7d38b1cd822542daaf8cd') in 0.001940 seconds 
========================================================================
Received Import Request.
  Time since last request: 14.822816 seconds.
  path: Assets/TheGame/Level1_NFTtrend/Step5/2. NFTPlatformStrategy/NFTPlatformsGenerator.cs
  artifactKey: Guid(53dcb51adb70d4c19a122de88e786242) Importer(815301076,1909f56bfc062723c751e8b465ee728b)
Start importing Assets/TheGame/Level1_NFTtrend/Step5/2. NFTPlatformStrategy/NFTPlatformsGenerator.cs using Guid(53dcb51adb70d4c19a122de88e786242) Importer(815301076,1909f56bfc062723c751e8b465ee728b)  -> (artifact id: 'dc2214d9480eeec888ac31dfd740b1e8') in 0.003586 seconds 
========================================================================
Received Import Request.
  Time since last request: 66.886048 seconds.
  path: Assets/TheGame/Level1_NFTtrend/Step5/2. NFTPlatformStrategy/NFTPlatformsGenerator.cs
  artifactKey: Guid(53dcb51adb70d4c19a122de88e786242) Importer(815301076,1909f56bfc062723c751e8b465ee728b)
Start importing Assets/TheGame/Level1_NFTtrend/Step5/2. NFTPlatformStrategy/NFTPlatformsGenerator.cs using Guid(53dcb51adb70d4c19a122de88e786242) Importer(815301076,1909f56bfc062723c751e8b465ee728b)  -> (artifact id: 'f905a3e179f21ada9d631fc0b33e7c05') in 0.002212 seconds 
========================================================================
Received Import Request.
  Time since last request: 20.178197 seconds.
  path: Assets/TheGame/Level1_NFTtrend/Step5/2. NFTPlatformStrategy/PlatformPriceCalculation.cs
  artifactKey: Guid(47091b15ff15c4b64a2abe5ce6ae878f) Importer(815301076,1909f56bfc062723c751e8b465ee728b)
Start importing Assets/TheGame/Level1_NFTtrend/Step5/2. NFTPlatformStrategy/PlatformPriceCalculation.cs using Guid(47091b15ff15c4b64a2abe5ce6ae878f) Importer(815301076,1909f56bfc062723c751e8b465ee728b)  -> (artifact id: '608b56195e277ca3c33ab69ff4c6f125') in 0.003236 seconds 
========================================================================
Received Import Request.
  Time since last request: 47.105470 seconds.
  path: Assets/TheGame/Level1_NFTtrend/Step5/2. NFTPlatformStrategy/PlatformPriceCalculation.cs
  artifactKey: Guid(47091b15ff15c4b64a2abe5ce6ae878f) Importer(815301076,1909f56bfc062723c751e8b465ee728b)
Start importing Assets/TheGame/Level1_NFTtrend/Step5/2. NFTPlatformStrategy/PlatformPriceCalculation.cs using Guid(47091b15ff15c4b64a2abe5ce6ae878f) Importer(815301076,1909f56bfc062723c751e8b465ee728b)  -> (artifact id: '71319e9ff69b9311f912db8ee8b36878') in 0.001904 seconds 
========================================================================
Received Import Request.
  Time since last request: 2.328769 seconds.
  path: Assets/TheGame/Level1_NFTtrend/Step5/2. NFTPlatformStrategy/SwitchToPlatformDefinition.cs
  artifactKey: Guid(c55b228002f384186be98c5bceb049a7) Importer(815301076,1909f56bfc062723c751e8b465ee728b)
Start importing Assets/TheGame/Level1_NFTtrend/Step5/2. NFTPlatformStrategy/SwitchToPlatformDefinition.cs using Guid(c55b228002f384186be98c5bceb049a7) Importer(815301076,1909f56bfc062723c751e8b465ee728b)  -> (artifact id: 'b9b0c8ca990821edfba3a41dcb1da74f') in 0.002850 seconds 
========================================================================
Received Import Request.
  Time since last request: 49.088825 seconds.
  path: Assets/TheGame/Level1_NFTtrend/Step5/2. NFTPlatformStrategy/SwitchToPlatformDefinition.cs
  artifactKey: Guid(c55b228002f384186be98c5bceb049a7) Importer(815301076,1909f56bfc062723c751e8b465ee728b)
Start importing Assets/TheGame/Level1_NFTtrend/Step5/2. NFTPlatformStrategy/SwitchToPlatformDefinition.cs using Guid(c55b228002f384186be98c5bceb049a7) Importer(815301076,1909f56bfc062723c751e8b465ee728b)  -> (artifact id: 'bca7296b7c0fda7dadc37e9c42c714dc') in 0.002417 seconds 
========================================================================
Received Import Request.
  Time since last request: 6.582997 seconds.
  path: Assets/TheGame/Level1_NFTtrend/Step5/2. NFTPlatformStrategy/1 NFT Launchpads/SetLaunchpad.cs
  artifactKey: Guid(cf744de7d8ef249178b84d88c2f6e154) Importer(815301076,1909f56bfc062723c751e8b465ee728b)
Start importing Assets/TheGame/Level1_NFTtrend/Step5/2. NFTPlatformStrategy/1 NFT Launchpads/SetLaunchpad.cs using Guid(cf744de7d8ef249178b84d88c2f6e154) Importer(815301076,1909f56bfc062723c751e8b465ee728b)  -> (artifact id: '125b7d0689ecd79fd5f214016655cbd8') in 0.002215 seconds 
========================================================================
Received Import Request.
  Time since last request: 45.533447 seconds.
  path: Assets/TheGame/Level1_NFTtrend/Step5/2. NFTPlatformStrategy/1 NFT Launchpads/SetLaunchpad.cs
  artifactKey: Guid(cf744de7d8ef249178b84d88c2f6e154) Importer(815301076,1909f56bfc062723c751e8b465ee728b)
Start importing Assets/TheGame/Level1_NFTtrend/Step5/2. NFTPlatformStrategy/1 NFT Launchpads/SetLaunchpad.cs using Guid(cf744de7d8ef249178b84d88c2f6e154) Importer(815301076,1909f56bfc062723c751e8b465ee728b)  -> (artifact id: 'c22c43ebe94b617ba492d969e3d35bc8') in 0.002355 seconds 
========================================================================
Received Import Request.
  Time since last request: 8.632374 seconds.
  path: Assets/TheGame/Level1_NFTtrend/Step5/2. NFTPlatformStrategy/2 NFT Calendars/SetCalendar.cs
  artifactKey: Guid(f58d977079a344eeaa506136a6934368) Importer(815301076,1909f56bfc062723c751e8b465ee728b)
Start importing Assets/TheGame/Level1_NFTtrend/Step5/2. NFTPlatformStrategy/2 NFT Calendars/SetCalendar.cs using Guid(f58d977079a344eeaa506136a6934368) Importer(815301076,1909f56bfc062723c751e8b465ee728b)  -> (artifact id: '5bc78dd79f0fb68650d74813d8320f1e') in 0.003196 seconds 
========================================================================
Received Import Request.
  Time since last request: 48.415786 seconds.
  path: Assets/TheGame/Level1_NFTtrend/Step5/2. NFTPlatformStrategy/2 NFT Calendars/SetCalendar.cs
  artifactKey: Guid(f58d977079a344eeaa506136a6934368) Importer(815301076,1909f56bfc062723c751e8b465ee728b)
Start importing Assets/TheGame/Level1_NFTtrend/Step5/2. NFTPlatformStrategy/2 NFT Calendars/SetCalendar.cs using Guid(f58d977079a344eeaa506136a6934368) Importer(815301076,1909f56bfc062723c751e8b465ee728b)  -> (artifact id: '2202fa34b5ba431418e9d292dc64abb3') in 0.002550 seconds 
========================================================================
Received Import Request.
  Time since last request: 144.057947 seconds.
  path: Assets/TheGame/Level1_NFTtrend/Step5/2. NFTPlatformStrategy/3 NFT Marketplaces/SetMarketplaces.cs
  artifactKey: Guid(0787b86c6a3554dd1a13186e80f5b291) Importer(815301076,1909f56bfc062723c751e8b465ee728b)
Start importing Assets/TheGame/Level1_NFTtrend/Step5/2. NFTPlatformStrategy/3 NFT Marketplaces/SetMarketplaces.cs using Guid(0787b86c6a3554dd1a13186e80f5b291) Importer(815301076,1909f56bfc062723c751e8b465ee728b)  -> (artifact id: '389c92d53965ed4f64ac15246e8f9faf') in 0.002528 seconds 
========================================================================
Received Import Request.
  Time since last request: 63.076827 seconds.
  path: Assets/TheGame/Level1_NFTtrend/Step5/2. NFTPlatformStrategy/3 NFT Marketplaces/SetMarketplaces.cs
  artifactKey: Guid(0787b86c6a3554dd1a13186e80f5b291) Importer(815301076,1909f56bfc062723c751e8b465ee728b)
Start importing Assets/TheGame/Level1_NFTtrend/Step5/2. NFTPlatformStrategy/3 NFT Marketplaces/SetMarketplaces.cs using Guid(0787b86c6a3554dd1a13186e80f5b291) Importer(815301076,1909f56bfc062723c751e8b465ee728b)  -> (artifact id: '9a40f6c10633035fc9638a83a90c5f4d') in 0.002615 seconds 
========================================================================
Received Import Request.
  Time since last request: 0.743967 seconds.
  path: Assets/TheGame/Level1_NFTtrend/Step5/2. NFTPlatformStrategy/Prefub/nftPlatform.prefab
  artifactKey: Guid(31e0921e1ee7f49899c684207ec6f020) Importer(815301076,1909f56bfc062723c751e8b465ee728b)
Start importing Assets/TheGame/Level1_NFTtrend/Step5/2. NFTPlatformStrategy/Prefub/nftPlatform.prefab using Guid(31e0921e1ee7f49899c684207ec6f020) Importer(815301076,1909f56bfc062723c751e8b465ee728b)  -> (artifact id: '3041df20759e79183bc15aaf944bfd82') in 0.478250 seconds 
========================================================================
Received Import Request.
  Time since last request: 0.544910 seconds.
  path: Assets/TheGame/Level1_NFTtrend/Step5/2. NFTPlatformStrategy/Prefub/NFTplatformData.cs
  artifactKey: Guid(16badb8099c364b019c82ca31b614167) Importer(815301076,1909f56bfc062723c751e8b465ee728b)
Start importing Assets/TheGame/Level1_NFTtrend/Step5/2. NFTPlatformStrategy/Prefub/NFTplatformData.cs using Guid(16badb8099c364b019c82ca31b614167) Importer(815301076,1909f56bfc062723c751e8b465ee728b)  -> (artifact id: '18f8017a6728fe727fb9fe5c54fe03cd') in 0.002387 seconds 
========================================================================
Received Import Request.
  Time since last request: 100.111466 seconds.
  path: Assets/TheGame/Level1_NFTtrend/Step5/2. NFTPlatformStrategy/Prefub/NFTplatformData.cs
  artifactKey: Guid(16badb8099c364b019c82ca31b614167) Importer(815301076,1909f56bfc062723c751e8b465ee728b)
Start importing Assets/TheGame/Level1_NFTtrend/Step5/2. NFTPlatformStrategy/Prefub/NFTplatformData.cs using Guid(16badb8099c364b019c82ca31b614167) Importer(815301076,1909f56bfc062723c751e8b465ee728b)  -> (artifact id: '6c761b72d4653fab5b304fbed02b52f7') in 0.003058 seconds 
========================================================================
Received Import Request.
  Time since last request: 12.231956 seconds.
  path: Assets/TheGame/Level1_NFTtrend/Step6/MintAmountCalculation.cs
  artifactKey: Guid(4c02807ef39274e7a9f71c7e7b94663e) Importer(815301076,1909f56bfc062723c751e8b465ee728b)
Start importing Assets/TheGame/Level1_NFTtrend/Step6/MintAmountCalculation.cs using Guid(4c02807ef39274e7a9f71c7e7b94663e) Importer(815301076,1909f56bfc062723c751e8b465ee728b)  -> (artifact id: '96a1e10799c38791742b4fcaebeb59bb') in 0.002834 seconds 
========================================================================
Received Import Request.
  Time since last request: 14.977085 seconds.
  path: Assets/TheGame/Level1_NFTtrend/Step6/MintDayTimer.cs
  artifactKey: Guid(b01003e6536cf4f17a34a389f3ef67be) Importer(815301076,1909f56bfc062723c751e8b465ee728b)
Start importing Assets/TheGame/Level1_NFTtrend/Step6/MintDayTimer.cs using Guid(b01003e6536cf4f17a34a389f3ef67be) Importer(815301076,1909f56bfc062723c751e8b465ee728b)  -> (artifact id: '061ee9a0dbb252bc49e57cddbac46da7') in 0.002747 seconds 
========================================================================
Received Import Request.
  Time since last request: 77.077184 seconds.
  path: Assets/TheGame/Level1_NFTtrend/Step6/MintDayTimer.cs
  artifactKey: Guid(b01003e6536cf4f17a34a389f3ef67be) Importer(815301076,1909f56bfc062723c751e8b465ee728b)
Start importing Assets/TheGame/Level1_NFTtrend/Step6/MintDayTimer.cs using Guid(b01003e6536cf4f17a34a389f3ef67be) Importer(815301076,1909f56bfc062723c751e8b465ee728b)  -> (artifact id: '2fd6b9612a38c563248cbcdbe520650e') in 0.002253 seconds 
========================================================================
Received Import Request.
  Time since last request: 6.274569 seconds.
  path: Assets/TheGame/Level1_NFTtrend/Step6/DisplayMintAmount/DisplayMintAmount.cs
  artifactKey: Guid(d1e0831c2ab1844de8ea104d932a88e5) Importer(815301076,1909f56bfc062723c751e8b465ee728b)
Start importing Assets/TheGame/Level1_NFTtrend/Step6/DisplayMintAmount/DisplayMintAmount.cs using Guid(d1e0831c2ab1844de8ea104d932a88e5) Importer(815301076,1909f56bfc062723c751e8b465ee728b)  -> (artifact id: '220e72160788e453484cbb2e01d8a585') in 0.002636 seconds 
========================================================================
Received Import Request.
  Time since last request: 12.493769 seconds.
  path: Assets/TheGame/Level1_NFTtrend/Step6/DisplayMintAmount/SecondarySale.cs
  artifactKey: Guid(d131c0bc1558c49048850dba27050ba7) Importer(815301076,1909f56bfc062723c751e8b465ee728b)
Start importing Assets/TheGame/Level1_NFTtrend/Step6/DisplayMintAmount/SecondarySale.cs using Guid(d131c0bc1558c49048850dba27050ba7) Importer(815301076,1909f56bfc062723c751e8b465ee728b)  -> (artifact id: 'c308bee04b4ab45bdb96fdf828757656') in 0.003062 seconds 
========================================================================
Received Import Request.
  Time since last request: 40.281448 seconds.
  path: Assets/CryptoData.json
  artifactKey: Guid(14799f90a8c9e5046b757042cca0621e) Importer(815301076,1909f56bfc062723c751e8b465ee728b)
Start importing Assets/CryptoData.json using Guid(14799f90a8c9e5046b757042cca0621e) Importer(815301076,1909f56bfc062723c751e8b465ee728b)  -> (artifact id: 'a6d72d1ad0fd08d1e7cbfd2b02af873a') in 2.931500 seconds 
